# bloodmallet trinket sims | fight_style=castingpatchwerk3 | simmed 2026-08-26 02:57 | SimC 02b39ce | tier MID2
# fetched 2026-08-27 by fetch-trinket-sims.sh
# columns: class	spec	rank	trinket	item_id	ilvl:dps,... (rank 0 = passive baseline, min ilvl only)
death_knight	blood	0	baseline	-	292:186946
death_knight	blood	1	Zul'jin's Guillotine Technique	270173	292:201786,295:202616,305:204113,315:206213,321:207032,331:209644,344:212331
death_knight	blood	2	Voracious Heart of Ula'tek	270175	292:201799,295:202299,305:203772,315:205173,321:206046,331:207955,344:210138
death_knight	blood	3	Merektha's Fang	158367	292:197683,295:198574,302:199569,308:200867,315:202516,321:204250,328:206130,334:207464
death_knight	blood	4	Keeper's Seething Core	270165	292:200823,295:201206,302:201547,308:202362,315:203028,321:203664,328:204799,334:205702
death_knight	blood	5	Tumor of the Swarm	250245	292:197411,295:197638,302:198630,308:199371,315:200369,321:201440,328:202717,334:203519
death_knight	blood	6	Vile Vial of Volatile Venom	273796	292:198564,295:198754,302:199684,308:200144,315:200907,321:201576,328:202245,334:203322
death_knight	blood	7	Gebbo's Bottomless Bag	270164	292:198833,295:199310,302:199756,308:200436,315:201128,321:201770,328:202734,334:203237
death_knight	blood	8	Darkmoon Dominion: Hunt	246304	292:199187,298:199408,305:200364,311:200743,318:201384,324:202033,331:202898
death_knight	blood	9	Tattered Amani War Banner	273797	292:198511,295:198758,302:199454,308:199855,315:200593,321:201098,328:201876,334:202642
death_knight	blood	10	Darkmoon Dominion: Blood	246305	292:198478,298:198908,305:199329,311:200397,318:200749,324:201635,331:202473
death_knight	blood	11	Thalassian Competitor's Insignia of Alacrity	245752	292:198524,298:198965,305:199630,311:200147,318:201105,324:201403,331:202351
death_knight	blood	12	Seed of the Devouring Wild	250238	292:197429,295:197688,302:198233,308:198769,315:199642,321:200448,328:201373,334:202041
death_knight	blood	13	Light Company Guidon	249344	298:201879
death_knight	blood	14	Blazebinder's Hoof	193762	292:197899,295:198170,302:198397,308:199145,315:200238,321:200526,328:201159,334:201692
death_knight	blood	15	Darkmoon Dominion: Void	246307	292:197858,298:198130,305:198705,311:199532,318:200238,324:200868,331:201539
death_knight	blood	16	Magister's Alchemist Stone	241340	292:198051,298:198284,305:198782,311:199525,318:200126,324:200773,331:201303
death_knight	blood	17	Resonant Bellowstone	250228	292:197188,295:197524,302:197897,308:198561,315:198986,321:199417,328:200611,334:200939
death_knight	blood	18	Venomous Gladiator's Insignia of Alacrity	270603	315:200749
death_knight	blood	19	Ruby Whelp Shell [Haste]	193757	292:196763,295:196887,302:197385,308:198153,315:198460,321:199188,328:199707,334:200316
death_knight	blood	20	Sapling of the Dawnroot	250259	292:195281,295:195552,302:196207,308:196990,315:197647,321:198222,328:199456,334:200225
death_knight	blood	21	Umbral Plume	260235	298:200215
death_knight	blood	22	Radiant Plume	249806	298:199989
death_knight	blood	23	Ruby Whelp Shell [Crit]	193757	292:196296,295:196250,302:196807,308:197451,315:197997,321:198603,328:199103,334:199862
death_knight	blood	24	Heart of Wind	250256	298:199848
death_knight	blood	25	Idol of the War Loa	250229	292:197773,295:197970,302:198205,308:198657,315:199099,321:199265,328:199696,334:199824
death_knight	blood	26	Algeth'ar Puzzle Box	193701	298:199737
death_knight	blood	27	Heart of Ancient Hunger	249342	298:199532
death_knight	blood	28	Font of Venomous Rage	270168	292:194284,295:194495,305:195583,315:196410,321:196857,331:197918,344:199449
death_knight	blood	29	Gaze of the Alnseer	249343	298:199249
death_knight	blood	30	Ruby Whelp Shell [Aoe]	193757	292:195063,295:195394,302:196089,308:196617,315:197232,321:197663,328:198714,334:199157
death_knight	blood	31	Venomous Gladiator's Badge of Ferocity	270602	315:198903
death_knight	blood	32	Ruby Whelp Shell [St]	193757	292:194772,295:195055,302:195555,308:196153,315:196897,321:197310,328:198285,334:198799
death_knight	blood	33	Darkmoon Dominion: Rot	246306	292:194890,298:195209,305:195823,311:196365,318:196965,324:197474,331:198389
death_knight	blood	34	Solarflare Prism	252420	298:198314
death_knight	blood	35	Void Stalker's Contract	151307	298:197433
death_knight	blood	36	Manaheart's Binding Flame	250243	292:193502,295:193722,302:194510,308:194530,315:195084,321:195416,328:196133,334:196879
death_knight	blood	37	Undreamt God's Oozing Vestige	249805	298:196717
death_knight	blood	38	First Mate's Shellward	270160	292:193316,295:193891,302:193959,308:194557,315:195236,321:195489,328:196237,334:196664
death_knight	blood	39	Sszorak's Ferocity	270163	292:193955,295:193545,302:194194,308:194611,315:194987,321:195592,328:195863,334:196585
death_knight	blood	40	Mchimba's Ritual Bandages	159618	292:193606,295:193929,302:194071,308:194624,315:195120,321:195545,328:196194,334:196531
death_knight	blood	41	Coiled Fangstone	273795	292:193287,295:193674,302:194107,308:194810,315:195176,321:195649,328:196094,334:196458
death_knight	blood	42	Latch's Crooked Hook	250226	298:196404
death_knight	blood	43	Gloom-Spattered Dreadscale	249339	298:196275
death_knight	blood	44	Dragon Games Equipment	193719	298:196138
death_knight	blood	45	Mark of Light	250241	298:195614
death_knight	blood	46	Mindpiercer's Sigil	250224	292:191779,295:192010,302:192150,308:192899,315:193561,321:193930,328:194613,334:195456
death_knight	blood	47	Venomous Gladiator's Sigil of Adaptation	270604	315:195350
death_knight	blood	48	Kroluk's Warbanner	250227	298:195245
death_knight	blood	49	Venomous Gladiator's Medallion	270605	315:195006
death_knight	blood	50	Venomous Gladiator's Emblem	270606	315:194979
death_knight	blood	51	Vessel of Tortured Souls	250258	298:194534
death_knight	blood	52	Ampoule of Pure Void	151312	298:194127
death_knight	blood	53	Jelly Replicator	250242	298:194024
death_knight	blood	54	The Eternal Egg	249807	298:193943
death_knight	blood	55	Rotting Globule	252421	298:193903
death_knight	blood	56	Hex Lord's Dooming Idol	270169	292:192363,295:192272,305:192518,315:193151,321:193090,331:193361,344:193603
death_knight	blood	57	Wavecaller's Seastone	270167	292:192094,295:192376,302:192521,308:192592,315:193025,321:193169,328:193456,334:193326
death_knight	blood	58	Preternatural Antivenom	270171	292:191256,295:191497,302:191689,308:191708,315:191907,321:191991,328:192112,334:192315
death_knight	blood	59	Idol of the Howling Nexus	270174	292:191596,295:191232,302:191479,308:191555,315:191990,321:191959,328:192110,334:191949
death_knight	blood	60	Locus-Walker's Ribbon	249809	298:191631
death_knight	blood	61	Permafrost Essence	250244	292:190741,295:190539,302:190811,308:190992,315:191135,321:190978,328:191110,334:191428
death_knight	frost	0	baseline	-	292:382013
death_knight	frost	1	Voracious Heart of Ula'tek	270175	292:418018,295:418290,305:421486,315:424791,321:427350,331:430565,344:435797
death_knight	frost	2	Zul'jin's Guillotine Technique	270173	292:408106,295:409008,305:411625,315:414679,321:417215,331:420969,344:425789
death_knight	frost	3	Darkmoon Dominion: Hunt	246304	292:411294,298:412639,305:414081,311:415448,318:417487,324:419012,331:420373
death_knight	frost	4	Gebbo's Bottomless Bag	270164	292:408352,295:408789,302:409978,308:411309,315:413247,321:414532,328:416773,334:417981
death_knight	frost	5	Resonant Bellowstone	250228	292:408168,295:408518,302:410427,308:411303,315:412981,321:414529,328:416152,334:417930
death_knight	frost	6	Tattered Amani War Banner	273797	292:407825,295:408221,302:409480,308:410945,315:412449,321:414034,328:415089,334:416981
death_knight	frost	7	Umbral Plume	260235	298:416303
death_knight	frost	8	Heart of Ancient Hunger	249342	298:416223
death_knight	frost	9	Darkmoon Dominion: Blood	246305	292:406715,298:408847,305:410016,311:411344,318:412798,324:414298,331:415865
death_knight	frost	10	Keeper's Seething Core	270165	292:406427,295:407478,302:408701,308:409643,315:411297,321:412493,328:414354,334:415703
death_knight	frost	11	Vile Vial of Volatile Venom	273796	292:407123,295:407381,302:408582,308:410146,315:411307,321:412648,328:414534,334:415673
death_knight	frost	12	Idol of the War Loa	250229	292:409744,295:410239,302:411184,308:412000,315:413578,321:414014,328:414920,334:415654
death_knight	frost	13	Ruby Whelp Shell [Crit]	193757	292:405979,295:406385,302:407756,308:409000,315:410286,321:411743,328:413078,334:414474
death_knight	frost	14	Darkmoon Dominion: Void	246307	292:405232,298:406254,305:408145,311:409038,318:410146,324:411963,331:413512
death_knight	frost	15	Algeth'ar Puzzle Box	193701	298:413509
death_knight	frost	16	Magister's Alchemist Stone	241340	292:405256,298:406479,305:407719,311:408866,318:410703,324:412049,331:413305
death_knight	frost	17	Seed of the Devouring Wild	250238	292:403679,295:404382,302:405725,308:407374,315:408409,321:409837,328:411661,334:413047
death_knight	frost	18	Venomous Gladiator's Badge of Ferocity	270602	315:412422
death_knight	frost	19	Gaze of the Alnseer	249343	298:411623
death_knight	frost	20	Solarflare Prism	252420	298:411575
death_knight	frost	21	Radiant Plume	249806	298:411524
death_knight	frost	22	Thalassian Competitor's Insignia of Alacrity	245752	292:403509,298:404397,305:405182,311:406468,318:407863,324:409365,331:410876
death_knight	frost	23	Merektha's Fang	158367	292:397524,295:398325,302:400069,308:401810,315:403663,321:405929,328:408124,334:410503
death_knight	frost	24	Ruby Whelp Shell [Haste]	193757	292:402078,295:402287,302:403682,308:404952,315:405966,321:407760,328:409108,334:410331
death_knight	frost	25	Tumor of the Swarm	250245	292:399816,295:400683,302:402030,308:403162,315:404897,321:406597,328:408131,334:409917
death_knight	frost	26	Light Company Guidon	249344	298:408710
death_knight	frost	27	Sapling of the Dawnroot	250259	292:398878,295:399506,302:400806,308:402005,315:403609,321:404533,328:406845,334:408295
death_knight	frost	28	Venomous Gladiator's Insignia of Alacrity	270603	315:407647
death_knight	frost	29	Ruby Whelp Shell [Aoe]	193757	292:398671,295:399188,302:400298,308:401423,315:403091,321:403939,328:405464,334:407188
death_knight	frost	30	Blazebinder's Hoof	193762	292:400585,295:400911,302:402467,308:403063,315:404595,321:405256,328:406221,334:407181
death_knight	frost	31	Ruby Whelp Shell [St]	193757	292:398411,295:398871,302:399659,308:401031,315:402601,321:403697,328:405392,334:406505
death_knight	frost	32	Heart of Wind	250256	298:405349
death_knight	frost	33	Font of Venomous Rage	270168	292:396922,295:396766,305:398461,315:400466,321:400651,331:402596,344:405134
death_knight	frost	34	Darkmoon Dominion: Rot	246306	292:397726,298:398882,305:399646,311:400959,318:402237,324:403489,331:405002
death_knight	frost	35	Coiled Fangstone	273795	292:396295,295:397191,302:397714,308:399057,315:400053,321:401157,328:402364,334:403610
death_knight	frost	36	Mchimba's Ritual Bandages	159618	292:396179,295:397205,302:398161,308:399086,315:399733,321:400950,328:402237,334:403527
death_knight	frost	37	Sszorak's Ferocity	270163	292:396766,295:396810,302:398024,308:398865,315:400047,321:401105,328:402572,334:403481
death_knight	frost	38	Manaheart's Binding Flame	250243	292:396950,295:396693,302:397965,308:398976,315:400141,321:401113,328:402559,334:403413
death_knight	frost	39	First Mate's Shellward	270160	292:396624,295:397364,302:397784,308:398985,315:399920,321:400859,328:402414,334:403209
death_knight	frost	40	Latch's Crooked Hook	250226	298:401517
death_knight	frost	41	Undreamt God's Oozing Vestige	249805	298:400801
death_knight	frost	42	Void Stalker's Contract	151307	298:400773
death_knight	frost	43	Venomous Gladiator's Sigil of Adaptation	270604	315:400223
death_knight	frost	44	Venomous Gladiator's Emblem	270606	315:400176
death_knight	frost	45	Venomous Gladiator's Medallion	270605	315:400021
death_knight	frost	46	Kroluk's Warbanner	250227	298:399792
death_knight	frost	47	Mark of Light	250241	298:399781
death_knight	frost	48	Gloom-Spattered Dreadscale	249339	298:399762
death_knight	frost	49	Dragon Games Equipment	193719	298:399250
death_knight	frost	50	Vessel of Tortured Souls	250258	298:398837
death_knight	frost	51	Preternatural Antivenom	270171	292:395499,295:396043,302:396169,308:396545,315:396866,321:397524,328:397786,334:398670
death_knight	frost	52	Rotting Globule	252421	298:397456
death_knight	frost	53	Ampoule of Pure Void	151312	298:397300
death_knight	frost	54	The Eternal Egg	249807	298:397194
death_knight	frost	55	Jelly Replicator	250242	298:397119
death_knight	frost	56	Idol of the Howling Nexus	270174	292:392596,295:392948,302:393101,308:393406,315:393617,321:394072,328:394788,334:394350
death_knight	frost	57	Locus-Walker's Ribbon	249809	298:392995
death_knight	frost	58	Hex Lord's Dooming Idol	270169	292:389959,295:389658,305:390237,315:390745,321:390845,331:391221,344:391660
death_knight	frost	59	Wavecaller's Seastone	270167	292:389789,295:389926,302:390485,308:390400,315:390854,321:390708,328:391299,334:390856
death_knight	frost	60	Mindpiercer's Sigil	250224	292:386119,295:386530,302:386835,308:387080,315:387938,321:388309,328:388876,334:389385
death_knight	frost	61	Permafrost Essence	250244	292:382286,295:382092,302:382099,308:382301,315:382185,321:382534,328:381962,334:382213
death_knight	unholy	0	baseline	-	292:322770
death_knight	unholy	1	Voracious Heart of Ula'tek	270175	292:349751,295:350862,305:353002,315:355758,321:357470,331:360360,344:364653
death_knight	unholy	2	Zul'jin's Guillotine Technique	270173	292:344610,295:345574,305:347429,315:350382,321:352180,331:355405,344:359867
death_knight	unholy	3	Tattered Amani War Banner	273797	292:344413,295:344490,302:345820,308:347071,315:348149,321:349583,328:350663,334:351683
death_knight	unholy	4	Darkmoon Dominion: Hunt	246304	292:344167,298:345468,305:346431,311:347037,318:348383,324:349665,331:351067
death_knight	unholy	5	Vile Vial of Volatile Venom	273796	292:343264,295:343604,302:344934,308:345886,315:346863,321:347861,328:349203,334:350354
death_knight	unholy	6	Gebbo's Bottomless Bag	270164	292:342573,295:343302,302:344254,308:345267,315:346574,321:347357,328:349060,334:350167
death_knight	unholy	7	Keeper's Seething Core	270165	292:343376,295:343510,302:344705,308:345709,315:346697,321:347662,328:349298,334:350151
death_knight	unholy	8	Darkmoon Dominion: Blood	246305	292:342314,298:343025,305:344493,311:345024,318:346160,324:347022,331:348810
death_knight	unholy	9	Seed of the Devouring Wild	250238	292:340482,295:341253,302:341571,308:342932,315:344271,321:345408,328:347104,334:347997
death_knight	unholy	10	Resonant Bellowstone	250228	292:340518,295:341535,302:342328,308:343465,315:344335,321:345530,328:346612,334:347978
death_knight	unholy	11	Darkmoon Dominion: Void	246307	292:340891,298:341932,305:342921,311:344134,318:345237,324:346254,331:347421
death_knight	unholy	12	Merektha's Fang	158367	292:335927,295:336822,302:338312,308:339860,315:341525,321:343136,328:345280,334:347288
death_knight	unholy	13	Light Company Guidon	249344	298:347219
death_knight	unholy	14	Magister's Alchemist Stone	241340	292:340852,298:341916,305:342608,311:343619,318:345043,324:345782,331:347205
death_knight	unholy	15	Algeth'ar Puzzle Box	193701	298:347183
death_knight	unholy	16	Thalassian Competitor's Insignia of Alacrity	245752	292:340611,298:341765,305:343028,311:343384,318:344583,324:345735,331:347028
death_knight	unholy	17	Umbral Plume	260235	298:346718
death_knight	unholy	18	Ruby Whelp Shell [Crit]	193757	292:340458,295:340142,302:341567,308:342438,315:343147,321:344404,328:345398,334:346518
death_knight	unholy	19	Idol of the War Loa	250229	292:342629,295:342969,302:343715,308:344303,315:344894,321:345433,328:346279,334:346439
death_knight	unholy	20	Heart of Ancient Hunger	249342	298:346244
death_knight	unholy	21	Blazebinder's Hoof	193762	292:340392,295:340187,302:341407,308:342080,315:343513,321:344261,328:345158,334:346235
death_knight	unholy	22	Ruby Whelp Shell [Haste]	193757	292:339301,295:339599,302:340104,308:341562,315:342057,321:343252,328:344511,334:345596
death_knight	unholy	23	Gaze of the Alnseer	249343	298:345281
death_knight	unholy	24	Radiant Plume	249806	298:345140
death_knight	unholy	25	Tumor of the Swarm	250245	292:337027,295:337696,302:338764,308:339570,315:341085,321:342358,328:343670,334:344942
death_knight	unholy	26	Venomous Gladiator's Insignia of Alacrity	270603	315:344351
death_knight	unholy	27	Venomous Gladiator's Badge of Ferocity	270602	315:344256
death_knight	unholy	28	Solarflare Prism	252420	298:344089
death_knight	unholy	29	Font of Venomous Rage	270168	292:335706,295:336090,305:337873,315:338706,321:339904,331:341452,344:343978
death_knight	unholy	30	Ruby Whelp Shell [Aoe]	193757	292:335929,295:336295,302:336930,308:338350,315:339185,321:339986,328:341286,334:342668
death_knight	unholy	31	Sapling of the Dawnroot	250259	292:335565,295:335805,302:336670,308:337499,315:338269,321:339867,328:341020,334:342072
death_knight	unholy	32	Heart of Wind	250256	298:342071
death_knight	unholy	33	Ruby Whelp Shell [St]	193757	292:335177,295:336062,302:336903,308:337525,315:338717,321:339721,328:340896,334:341876
death_knight	unholy	34	Darkmoon Dominion: Rot	246306	292:335148,298:335450,305:336212,311:337581,318:338326,324:338973,331:340487
death_knight	unholy	35	Mchimba's Ritual Bandages	159618	292:333718,295:334364,302:335055,308:335269,315:336350,321:337027,328:337812,334:339089
death_knight	unholy	36	First Mate's Shellward	270160	292:333882,295:334045,302:334916,308:335502,315:336208,321:337345,328:338133,334:338997
death_knight	unholy	37	Sszorak's Ferocity	270163	292:333595,295:334128,302:334825,308:335651,315:336193,321:337030,328:338393,334:338914
death_knight	unholy	38	Manaheart's Binding Flame	250243	292:333652,295:333981,302:334650,308:335436,315:336475,321:337194,328:337976,334:338719
death_knight	unholy	39	Coiled Fangstone	273795	292:333602,295:334125,302:334825,308:335284,315:336180,321:337285,328:338037,334:338525
death_knight	unholy	40	Latch's Crooked Hook	250226	298:338318
death_knight	unholy	41	Undreamt God's Oozing Vestige	249805	298:338054
death_knight	unholy	42	Void Stalker's Contract	151307	298:337601
death_knight	unholy	43	Mark of Light	250241	298:336652
death_knight	unholy	44	Kroluk's Warbanner	250227	298:336649
death_knight	unholy	45	Venomous Gladiator's Medallion	270605	315:336574
death_knight	unholy	46	Venomous Gladiator's Sigil of Adaptation	270604	315:336481
death_knight	unholy	47	Dragon Games Equipment	193719	298:336331
death_knight	unholy	48	Venomous Gladiator's Emblem	270606	315:336164
death_knight	unholy	49	Gloom-Spattered Dreadscale	249339	298:336047
death_knight	unholy	50	Vessel of Tortured Souls	250258	298:335693
death_knight	unholy	51	Ampoule of Pure Void	151312	298:334318
death_knight	unholy	52	Jelly Replicator	250242	298:334297
death_knight	unholy	53	The Eternal Egg	249807	298:334183
death_knight	unholy	54	Rotting Globule	252421	298:334160
death_knight	unholy	55	Preternatural Antivenom	270171	292:331366,295:331946,302:331970,308:332500,315:332904,321:332696,328:333053,334:333673
death_knight	unholy	56	Hex Lord's Dooming Idol	270169	292:330379,295:330377,305:330652,315:331327,321:331569,331:331922,344:332135
death_knight	unholy	57	Idol of the Howling Nexus	270174	292:330604,295:330664,302:331200,308:331289,315:331259,321:331783,328:331876,334:331925
death_knight	unholy	58	Wavecaller's Seastone	270167	292:330329,295:330544,302:330669,308:330947,315:331692,321:331412,328:331669,334:331642
death_knight	unholy	59	Locus-Walker's Ribbon	249809	298:330899
death_knight	unholy	60	Mindpiercer's Sigil	250224	292:327261,295:327448,302:327654,308:328274,315:328772,321:329476,328:329809,334:330406
death_knight	unholy	61	Permafrost Essence	250244	292:322594,295:322417,302:322817,308:322882,315:322929,321:322714,328:322699,334:322717
demon_hunter	vengeance	0	baseline	-	292:253667
demon_hunter	vengeance	1	Zul'jin's Guillotine Technique	270173	292:270162,295:270937,305:272826,315:274796,321:276500,331:278466,344:282160
demon_hunter	vengeance	2	Voracious Heart of Ula'tek	270175	292:268301,295:268779,305:269947,315:271392,321:272359,331:274074,344:276393
demon_hunter	vengeance	3	Keeper's Seething Core	270165	292:269578,295:269890,302:270554,308:271587,315:272629,321:273297,328:274175,334:275202
demon_hunter	vengeance	4	Darkmoon Dominion: Hunt	246304	292:269315,298:269942,305:270999,311:271737,318:272897,324:273574,331:274671
demon_hunter	vengeance	5	Gebbo's Bottomless Bag	270164	292:268809,295:269068,302:269890,308:270568,315:271797,321:272441,328:273410,334:274082
demon_hunter	vengeance	6	Freightrunner's Flask	250215	292:268518,295:269194,302:269691,308:270268,315:271231,321:272077,328:273158,334:273919
demon_hunter	vengeance	7	Darkmoon Dominion: Blood	246305	292:268918,298:269335,305:270079,311:271041,318:271925,324:272922,331:273545
demon_hunter	vengeance	8	Tumor of the Swarm	250245	292:266190,295:266728,302:267563,308:268866,315:269797,321:270931,328:272530,334:273311
demon_hunter	vengeance	9	Lightspire Core	250214	292:267541,295:267806,302:268774,308:269615,315:270455,321:271427,328:272318,334:273228
demon_hunter	vengeance	10	Void Execution Mandate	250225	292:267844,295:268188,302:268970,308:269651,315:270431,321:271317,328:272316,334:273173
demon_hunter	vengeance	11	Lustrous Golden Plumage	159617	292:267801,295:268227,302:268846,308:269878,315:270487,321:271649,328:272133,334:273078
demon_hunter	vengeance	12	Vile Vial of Volatile Venom	273796	292:267813,295:268431,302:269055,308:269813,315:270464,321:271529,328:272445,334:273052
demon_hunter	vengeance	13	Magister's Alchemist Stone	241340	292:267684,298:268507,305:269260,311:269938,318:270800,324:271730,331:272982
demon_hunter	vengeance	14	Darkmoon Dominion: Void	246307	292:267915,298:268367,305:269636,311:270232,318:270845,324:271704,331:272625
demon_hunter	vengeance	15	Tiny Electromental in a Jar	158374	292:265629,295:266076,302:267222,308:268176,315:269295,321:270371,328:271393,334:272515
demon_hunter	vengeance	16	Thalassian Competitor's Insignia of Alacrity	245752	292:267521,298:268073,305:269103,311:269530,318:270692,324:271409,331:272301
demon_hunter	vengeance	17	Resonant Bellowstone	250228	292:266955,295:267542,302:268023,308:269118,315:269786,321:270642,328:271488,334:272148
demon_hunter	vengeance	18	Tattered Amani War Banner	273797	292:266401,295:266874,302:267561,308:267977,315:269141,321:269753,328:270605,334:271453
demon_hunter	vengeance	19	Vashnik's Sanguine Rancor	270166	292:264591,295:265393,302:266195,308:266945,315:267874,321:268910,328:270020,334:270946
demon_hunter	vengeance	20	Umbral Plume	260235	298:270672
demon_hunter	vengeance	21	Gaze of the Alnseer	249343	298:270435
demon_hunter	vengeance	22	Venomous Gladiator's Insignia of Alacrity	270603	315:270425
demon_hunter	vengeance	23	Radiant Plume	249806	298:270350
demon_hunter	vengeance	24	Sapling of the Dawnroot	250259	292:264588,295:264677,302:265543,308:266365,315:267234,321:268288,328:269346,334:270194
demon_hunter	vengeance	25	Algeth'ar Puzzle Box	193701	298:269783
demon_hunter	vengeance	26	Ruby Whelp Shell [Haste]	193757	292:264463,295:264911,302:265569,308:266320,315:266887,321:267641,328:268633,334:269215
demon_hunter	vengeance	27	Ruby Whelp Shell [Crit]	193757	292:264597,295:264724,302:265458,308:266232,315:267052,321:267761,328:268773,334:269186
demon_hunter	vengeance	28	Solarflare Prism	252420	298:269062
demon_hunter	vengeance	29	Venomous Gladiator's Badge of Ferocity	270602	315:269011
demon_hunter	vengeance	30	Darkmoon Dominion: Rot	246306	292:263806,298:264309,305:265337,311:266132,318:266809,324:267718,331:268863
demon_hunter	vengeance	31	Light Company Guidon	249344	298:268763
demon_hunter	vengeance	32	Ruby Whelp Shell [Aoe]	193757	292:263618,295:263922,302:264872,308:265323,315:266131,321:266933,328:267757,334:268723
demon_hunter	vengeance	33	Heart of Wind	250256	298:268621
demon_hunter	vengeance	34	Ruby Whelp Shell [St]	193757	292:263568,295:263788,302:264383,308:265036,315:265940,321:266681,328:267495,334:268395
demon_hunter	vengeance	35	Emberwing Feather	250144	298:268281
demon_hunter	vengeance	36	Font of Venomous Rage	270168	292:262722,295:263044,305:263988,315:264730,321:265551,331:266490,344:267797
demon_hunter	vengeance	37	First Mate's Shellward	270160	292:262667,295:263052,302:263426,308:263841,315:264815,321:265446,328:266016,334:266960
demon_hunter	vengeance	38	Mchimba's Ritual Bandages	159618	292:262642,295:262904,302:263313,308:264228,315:264885,321:265474,328:266201,334:266751
demon_hunter	vengeance	39	Manaheart's Binding Flame	250243	292:262714,295:262944,302:263720,308:263851,315:264503,321:265333,328:266402,334:266713
demon_hunter	vengeance	40	Ranger-Captain's Iridescent Insignia	249345	298:266472
demon_hunter	vengeance	41	Void Stalker's Contract	151307	298:266412
demon_hunter	vengeance	42	Latch's Crooked Hook	250226	298:265547
demon_hunter	vengeance	43	Undreamt God's Oozing Vestige	249805	298:265389
demon_hunter	vengeance	44	Venomous Gladiator's Emblem	270606	315:264868
demon_hunter	vengeance	45	Venomous Gladiator's Sigil of Adaptation	270604	315:264790
demon_hunter	vengeance	46	Eye of the Drowning Void	250257	298:264713
demon_hunter	vengeance	47	Venomous Gladiator's Medallion	270605	315:264655
demon_hunter	vengeance	48	Kroluk's Warbanner	250227	298:264579
demon_hunter	vengeance	49	Permafrost Essence	250244	292:261989,295:262356,302:262267,308:262651,315:262802,321:263050,328:263262,334:263560
demon_hunter	vengeance	50	Ampoule of Pure Void	151312	298:263296
demon_hunter	vengeance	51	Jelly Replicator	250242	298:263051
demon_hunter	vengeance	52	Rotting Globule	252421	298:263044
demon_hunter	vengeance	53	The Eternal Egg	249807	298:263042
demon_hunter	vengeance	54	Gloom-Spattered Dreadscale	249339	298:263020
demon_hunter	vengeance	55	Vessel of Tortured Souls	250258	298:262443
demon_hunter	vengeance	56	Mindpiercer's Sigil	250224	292:257837,295:257941,302:258601,308:259133,315:259596,321:260171,328:260896,334:261317
demon_hunter	vengeance	57	Hex Lord's Dooming Idol	270169	292:259401,295:259125,305:259495,315:259831,321:260022,331:259949,344:260371
demon_hunter	vengeance	58	Wavecaller's Seastone	270167	292:258908,295:259222,302:259335,308:259375,315:259896,321:260043,328:260124,334:260312
demon_hunter	vengeance	59	Preternatural Antivenom	270171	292:258770,295:259216,302:259263,308:259542,315:259531,321:260179,328:259910,334:260006
demon_hunter	vengeance	60	Idol of the War Loa	250229	292:259131,295:259254,302:259317,308:259420,315:259903,321:259884,328:259976,334:259857
demon_hunter	vengeance	61	Idol of the Howling Nexus	270174	292:258636,295:258856,302:258860,308:259233,315:259137,321:259581,328:259572,334:259800
demon_hunter	vengeance	62	Locus-Walker's Ribbon	249809	298:258961
hunter	beast_mastery	0	baseline	-	292:263184
hunter	beast_mastery	1	Voracious Heart of Ula'tek	270175	292:278024,295:278367,305:279398,315:281042,321:282255,331:283746,344:285889
hunter	beast_mastery	2	Zul'jin's Guillotine Technique	270173	292:275746,295:276484,305:277924,315:279414,321:280842,331:282449,344:285818
hunter	beast_mastery	3	Keeper's Seething Core	270165	292:278675,295:279243,302:279900,308:281002,315:281538,321:282380,328:283455,334:284606
hunter	beast_mastery	4	Vile Vial of Volatile Venom	273796	292:278907,295:279081,302:279726,308:280903,315:281495,321:282459,328:283665,334:284604
hunter	beast_mastery	5	Darkmoon Dominion: Hunt	246304	292:278935,298:279650,305:280554,311:281238,318:282128,324:283175,331:284264
hunter	beast_mastery	6	Lustrous Golden Plumage	159617	292:278786,295:279001,302:279803,308:280809,315:281522,321:282477,328:283497,334:284242
hunter	beast_mastery	7	Darkmoon Dominion: Blood	246305	292:278965,298:279403,305:280277,311:281313,318:282053,324:283175,331:284239
hunter	beast_mastery	8	Gebbo's Bottomless Bag	270164	292:278189,295:278887,302:279526,308:280405,315:281441,321:282333,328:282966,334:284124
hunter	beast_mastery	9	Freightrunner's Flask	250215	292:278246,295:278363,302:279307,308:280182,315:281079,321:282023,328:283059,334:283969
hunter	beast_mastery	10	Magister's Alchemist Stone	241340	292:277951,298:278599,305:279662,311:279906,318:281241,324:281991,331:283067
hunter	beast_mastery	11	Darkmoon Dominion: Void	246307	292:278066,298:278523,305:279358,311:280341,318:281131,324:281887,331:283041
hunter	beast_mastery	12	Lightspire Core	250214	292:277412,295:277748,302:278580,308:279517,315:280306,321:280826,328:282135,334:282910
hunter	beast_mastery	13	Tattered Amani War Banner	273797	292:277321,295:278060,302:278466,308:279577,315:279908,321:281031,328:281713,334:282889
hunter	beast_mastery	14	Font of Venomous Rage	270168	292:274734,295:274929,305:276316,315:277825,321:278705,331:279930,344:282502
hunter	beast_mastery	15	Vashnik's Sanguine Rancor	270166	292:275354,295:275376,302:276461,308:277115,315:278287,321:279359,328:280741,334:282173
hunter	beast_mastery	16	Void Execution Mandate	250225	292:276522,295:277184,302:277818,308:278603,315:279451,321:280225,328:281124,334:281981
hunter	beast_mastery	17	Tumor of the Swarm	250245	292:274744,295:275425,302:276119,308:277381,315:278371,321:279543,328:280726,334:281558
hunter	beast_mastery	18	Thalassian Competitor's Insignia of Alacrity	245752	292:276497,298:277319,305:277904,311:278391,318:279539,324:280120,331:281348
hunter	beast_mastery	19	Resonant Bellowstone	250228	292:275715,295:276262,302:277061,308:277480,315:278397,321:279474,328:280330,334:281307
hunter	beast_mastery	20	Tiny Electromental in a Jar	158374	292:274749,295:275126,302:276038,308:276836,315:277932,321:278879,328:280322,334:280988
hunter	beast_mastery	21	Radiant Plume	249806	298:280512
hunter	beast_mastery	22	Algeth'ar Puzzle Box	193701	298:280450
hunter	beast_mastery	23	Emberwing Feather	250144	298:279944
hunter	beast_mastery	24	Umbral Plume	260235	298:279860
hunter	beast_mastery	25	Sapling of the Dawnroot	250259	292:273908,295:274168,302:274981,308:275780,315:276760,321:277669,328:278703,334:279519
hunter	beast_mastery	26	Light Company Guidon	249344	298:279497
hunter	beast_mastery	27	Venomous Gladiator's Insignia of Alacrity	270603	315:279353
hunter	beast_mastery	28	Venomous Gladiator's Badge of Ferocity	270602	315:279114
hunter	beast_mastery	29	Gaze of the Alnseer	249343	298:278890
hunter	beast_mastery	30	Ruby Whelp Shell [Crit]	193757	292:274040,295:274342,302:274992,308:275498,315:276188,321:277296,328:277910,334:278759
hunter	beast_mastery	31	Ruby Whelp Shell [Haste]	193757	292:273822,295:273978,302:274752,308:275436,315:276311,321:276950,328:277856,334:278539
hunter	beast_mastery	32	Solarflare Prism	252420	298:278098
hunter	beast_mastery	33	Heart of Wind	250256	298:278091
hunter	beast_mastery	34	Ranger-Captain's Iridescent Insignia	249345	298:277904
hunter	beast_mastery	35	Ruby Whelp Shell [Aoe]	193757	292:272820,295:273154,302:273861,308:274457,315:275171,321:276266,328:276972,334:277702
hunter	beast_mastery	36	Darkmoon Dominion: Rot	246306	292:273006,298:273751,305:274415,311:275325,318:275884,324:276848,331:277571
hunter	beast_mastery	37	Ruby Whelp Shell [St]	193757	292:272550,295:273155,302:273679,308:274396,315:275329,321:276056,328:276988,334:277527
hunter	beast_mastery	38	Latch's Crooked Hook	250226	298:276586
hunter	beast_mastery	39	First Mate's Shellward	270160	292:272211,295:272182,302:272795,308:273708,315:273962,321:274799,328:275655,334:276151
hunter	beast_mastery	40	Manaheart's Binding Flame	250243	292:271947,295:272112,302:272686,308:273299,315:274018,321:274856,328:275455,334:276068
hunter	beast_mastery	41	Mchimba's Ritual Bandages	159618	292:271989,295:272147,302:272812,308:273533,315:274147,321:274705,328:275518,334:276064
hunter	beast_mastery	42	Void Stalker's Contract	151307	298:276028
hunter	beast_mastery	43	Undreamt God's Oozing Vestige	249805	298:275307
hunter	beast_mastery	44	Eye of the Drowning Void	250257	298:274756
hunter	beast_mastery	45	Venomous Gladiator's Medallion	270605	315:274125
hunter	beast_mastery	46	Venomous Gladiator's Emblem	270606	315:274027
hunter	beast_mastery	47	Venomous Gladiator's Sigil of Adaptation	270604	315:274020
hunter	beast_mastery	48	Vessel of Tortured Souls	250258	298:272879
hunter	beast_mastery	49	Kroluk's Warbanner	250227	298:272537
hunter	beast_mastery	50	The Eternal Egg	249807	298:272508
hunter	beast_mastery	51	Gloom-Spattered Dreadscale	249339	298:272441
hunter	beast_mastery	52	Jelly Replicator	250242	298:272378
hunter	beast_mastery	53	Ampoule of Pure Void	151312	298:272363
hunter	beast_mastery	54	Rotting Globule	252421	298:272042
hunter	beast_mastery	55	Mindpiercer's Sigil	250224	292:266951,295:267452,302:267913,308:268450,315:268864,321:269449,328:270183,334:270983
hunter	beast_mastery	56	Preternatural Antivenom	270171	292:268218,295:268624,302:268487,308:268757,315:268876,321:269142,328:269135,334:269736
hunter	beast_mastery	57	Idol of the Howling Nexus	270174	292:268580,295:268636,302:268761,308:269282,315:269204,321:269372,328:269555,334:269675
hunter	beast_mastery	58	Hex Lord's Dooming Idol	270169	292:268074,295:268384,305:268430,315:268810,321:269134,331:269482,344:269601
hunter	beast_mastery	59	Idol of the War Loa	250229	292:268205,295:268425,302:268556,308:268840,315:268942,321:269053,328:269175,334:269573
hunter	beast_mastery	60	Wavecaller's Seastone	270167	292:267891,295:268236,302:268493,308:268151,315:268859,321:269018,328:268973,334:269319
hunter	beast_mastery	61	Locus-Walker's Ribbon	249809	298:268743
hunter	beast_mastery	62	Permafrost Essence	250244	292:263022,295:263032,302:263099,308:262864,315:263026,321:263128,328:263234,334:262912
hunter	marksmanship	0	baseline	-	292:286941
hunter	marksmanship	1	Voracious Heart of Ula'tek	270175	292:309833,295:310140,305:312227,315:314224,321:315808,331:317860,344:321723
hunter	marksmanship	2	Vile Vial of Volatile Venom	273796	292:309538,295:310197,302:310956,308:312096,315:313092,321:313853,328:315256,334:316682
hunter	marksmanship	3	Freightrunner's Flask	250215	292:309041,295:309374,302:310676,308:311488,315:312862,321:313581,328:315161,334:316323
hunter	marksmanship	4	Lustrous Golden Plumage	159617	292:309123,295:309197,302:310437,308:311093,315:312408,321:313364,328:314640,334:316228
hunter	marksmanship	5	Void Execution Mandate	250225	292:306578,295:306781,302:307922,308:308609,315:309851,321:310916,328:312049,334:313120
hunter	marksmanship	6	Zul'jin's Guillotine Technique	270173	292:301213,295:301763,305:303220,315:305252,321:306323,331:308533,344:312046
hunter	marksmanship	7	Algeth'ar Puzzle Box	193701	298:311546
hunter	marksmanship	8	Tattered Amani War Banner	273797	292:304303,295:304757,302:305573,308:306232,315:307644,321:308318,328:309618,334:310597
hunter	marksmanship	9	Font of Venomous Rage	270168	292:299264,295:299830,305:301524,315:303290,321:304905,331:306587,344:310153
hunter	marksmanship	10	Darkmoon Dominion: Hunt	246304	292:304471,298:305482,305:306015,311:307176,318:308006,324:309064,331:309976
hunter	marksmanship	11	Gebbo's Bottomless Bag	270164	292:303314,295:303683,302:304586,308:305604,315:306629,321:307530,328:308597,334:309522
hunter	marksmanship	12	Darkmoon Dominion: Blood	246305	292:303399,298:304246,305:305247,311:306339,318:306851,324:308190,331:309279
hunter	marksmanship	13	Magister's Alchemist Stone	241340	292:302693,298:303535,305:304564,311:305348,318:306585,324:307132,331:308692
hunter	marksmanship	14	Darkmoon Dominion: Void	246307	292:303147,298:303888,305:304499,311:305420,318:306582,324:307398,331:308604
hunter	marksmanship	15	Umbral Plume	260235	298:308396
hunter	marksmanship	16	Resonant Bellowstone	250228	292:302606,295:303048,302:304054,308:304809,315:305334,321:306116,328:307352,334:308031
hunter	marksmanship	17	Lightspire Core	250214	292:302333,295:302507,302:303579,308:304262,315:304993,321:306034,328:307295,334:307763
hunter	marksmanship	18	Vashnik's Sanguine Rancor	270166	292:300273,295:300364,302:301606,308:302835,315:303552,321:304908,328:306704,334:307685
hunter	marksmanship	19	Keeper's Seething Core	270165	292:302014,295:302345,302:303030,308:303793,315:304559,321:305488,328:306630,334:307677
hunter	marksmanship	20	Ruby Whelp Shell [Crit]	193757	292:301875,295:302198,302:303069,308:303969,315:304652,321:305456,328:306974,334:307575
hunter	marksmanship	21	Emberwing Feather	250144	298:307161
hunter	marksmanship	22	Tiny Electromental in a Jar	158374	292:299663,295:300590,302:301476,308:302260,315:303627,321:304476,328:306340,334:307048
hunter	marksmanship	23	Venomous Gladiator's Badge of Ferocity	270602	315:306337
hunter	marksmanship	24	Light Company Guidon	249344	298:305799
hunter	marksmanship	25	Ruby Whelp Shell [Haste]	193757	292:300078,295:300395,302:301440,308:301883,315:302958,321:303800,328:304741,334:305486
hunter	marksmanship	26	Tumor of the Swarm	250245	292:298733,295:299237,302:300024,308:301054,315:301891,321:302967,328:304034,334:305269
hunter	marksmanship	27	Radiant Plume	249806	298:305221
hunter	marksmanship	28	Ruby Whelp Shell [Aoe]	193757	292:298911,295:299603,302:300316,308:301208,315:302450,321:303017,328:304543,334:305151
hunter	marksmanship	29	Solarflare Prism	252420	298:305126
hunter	marksmanship	30	Ranger-Captain's Iridescent Insignia	249345	298:304901
hunter	marksmanship	31	Thalassian Competitor's Insignia of Alacrity	245752	292:299917,298:300520,305:301543,311:302107,318:302833,324:303662,331:304656
hunter	marksmanship	32	Sapling of the Dawnroot	250259	292:298438,295:298680,302:299355,308:300362,315:301433,321:302369,328:303666,334:304442
hunter	marksmanship	33	Ruby Whelp Shell [St]	193757	292:298826,295:299003,302:299636,308:300941,315:301543,321:302631,328:303724,334:304279
hunter	marksmanship	34	Darkmoon Dominion: Rot	246306	292:297872,298:298380,305:298798,311:299659,318:300735,324:301485,331:302667
hunter	marksmanship	35	Latch's Crooked Hook	250226	298:302643
hunter	marksmanship	36	Venomous Gladiator's Insignia of Alacrity	270603	315:302629
hunter	marksmanship	37	Gaze of the Alnseer	249343	298:302299
hunter	marksmanship	38	Undreamt God's Oozing Vestige	249805	298:301686
hunter	marksmanship	39	Void Stalker's Contract	151307	298:301572
hunter	marksmanship	40	Heart of Wind	250256	298:301535
hunter	marksmanship	41	Mchimba's Ritual Bandages	159618	292:296444,295:296988,302:297495,308:298389,315:299265,321:299641,328:300422,334:301338
hunter	marksmanship	42	First Mate's Shellward	270160	292:296722,295:297041,302:297770,308:298422,315:298912,321:299581,328:300669,334:301266
hunter	marksmanship	43	Manaheart's Binding Flame	250243	292:296884,295:297075,302:297608,308:298295,315:299158,321:299792,328:300636,334:301246
hunter	marksmanship	44	Gloom-Spattered Dreadscale	249339	298:299907
hunter	marksmanship	45	Venomous Gladiator's Emblem	270606	315:299028
hunter	marksmanship	46	Venomous Gladiator's Sigil of Adaptation	270604	315:298852
hunter	marksmanship	47	Venomous Gladiator's Medallion	270605	315:298805
hunter	marksmanship	48	Eye of the Drowning Void	250257	298:298660
hunter	marksmanship	49	Vessel of Tortured Souls	250258	298:297906
hunter	marksmanship	50	Ampoule of Pure Void	151312	298:297413
hunter	marksmanship	51	The Eternal Egg	249807	298:297352
hunter	marksmanship	52	Kroluk's Warbanner	250227	298:297294
hunter	marksmanship	53	Jelly Replicator	250242	298:297193
hunter	marksmanship	54	Rotting Globule	252421	298:297006
hunter	marksmanship	55	Mindpiercer's Sigil	250224	292:292186,295:292481,302:293112,308:293523,315:294258,321:295185,328:295577,334:296603
hunter	marksmanship	56	Preternatural Antivenom	270171	292:294679,295:294568,302:295060,308:295276,315:295638,321:295563,328:296067,334:296126
hunter	marksmanship	57	Idol of the War Loa	250229	292:294574,295:294869,302:294890,308:295118,315:295283,321:295650,328:295962,334:296040
hunter	marksmanship	58	Idol of the Howling Nexus	270174	292:292421,295:292727,302:292968,308:292900,315:293456,321:293075,328:293635,334:293765
hunter	marksmanship	59	Locus-Walker's Ribbon	249809	298:292815
hunter	marksmanship	60	Hex Lord's Dooming Idol	270169	292:291512,295:291393,305:291850,315:291762,321:291967,331:292018,344:292347
hunter	marksmanship	61	Wavecaller's Seastone	270167	292:291224,295:291444,302:291485,308:291871,315:291672,321:291871,328:292178,334:292179
hunter	marksmanship	62	Permafrost Essence	250244	292:287041,295:287176,302:287025,308:286899,315:286844,321:286973,328:286976,334:287024
hunter	survival	0	baseline	-	292:299009
hunter	survival	1	Zul'jin's Guillotine Technique	270173	292:320185,295:320539,305:322665,315:325557,321:327348,331:329853,344:334523
hunter	survival	2	Voracious Heart of Ula'tek	270175	292:319930,295:320553,305:321974,315:323844,321:324778,331:326972,344:330334
hunter	survival	3	Freightrunner's Flask	250215	292:319654,295:320232,302:321261,308:322382,315:323605,321:323879,328:325477,334:326825
hunter	survival	4	Keeper's Seething Core	270165	292:318810,295:319256,302:319900,308:320830,315:322198,321:323212,328:324510,334:325478
hunter	survival	5	Darkmoon Dominion: Hunt	246304	292:318291,298:319332,305:320433,311:321296,318:322345,324:323512,331:324667
hunter	survival	6	Gebbo's Bottomless Bag	270164	292:318020,295:318377,302:319246,308:320547,315:321363,321:322367,328:323542,334:324276
hunter	survival	7	Tattered Amani War Banner	273797	292:316795,295:317383,302:318286,308:319061,315:320123,321:321417,328:322430,334:323427
hunter	survival	8	Darkmoon Dominion: Blood	246305	292:316992,298:318043,305:319389,311:320325,318:320884,324:321992,331:323342
hunter	survival	9	Void Execution Mandate	250225	292:316152,295:317071,302:317710,308:318792,315:319361,321:320897,328:321702,334:322849
hunter	survival	10	Lustrous Golden Plumage	159617	292:315992,295:316382,302:317517,308:318182,315:319536,321:320471,328:321303,334:322688
hunter	survival	11	Lightspire Core	250214	292:316261,295:316714,302:317584,308:318573,315:319853,321:321081,328:321528,334:322681
hunter	survival	12	Vile Vial of Volatile Venom	273796	292:316265,295:316416,302:317492,308:318184,315:318901,321:320189,328:321375,334:322214
hunter	survival	13	Darkmoon Dominion: Void	246307	292:316219,298:317000,305:317893,311:318763,318:319757,324:320470,331:321832
hunter	survival	14	Thalassian Competitor's Insignia of Alacrity	245752	292:316108,298:317364,305:317850,311:318890,318:319551,324:320545,331:321787
hunter	survival	15	Resonant Bellowstone	250228	292:315403,295:315898,302:316493,308:317538,315:318354,321:319400,328:320455,334:321786
hunter	survival	16	Magister's Alchemist Stone	241340	292:315810,298:316739,305:317618,311:318704,318:319799,324:320711,331:321758
hunter	survival	17	Umbral Plume	260235	298:320265
hunter	survival	18	Tumor of the Swarm	250245	292:312525,295:313205,302:314040,308:314835,315:316154,321:317637,328:318891,334:320073
hunter	survival	19	Ruby Whelp Shell [Crit]	193757	292:313640,295:314366,302:315090,308:316032,315:316845,321:317698,328:318555,334:319762
hunter	survival	20	Radiant Plume	249806	298:319641
hunter	survival	21	Vashnik's Sanguine Rancor	270166	292:312355,295:313138,302:313782,308:314644,315:315842,321:317172,328:318578,334:319608
hunter	survival	22	Ruby Whelp Shell [Haste]	193757	292:313849,295:313927,302:314357,308:315645,315:316618,321:317453,328:318546,334:319423
hunter	survival	23	Venomous Gladiator's Insignia of Alacrity	270603	315:319390
hunter	survival	24	Algeth'ar Puzzle Box	193701	298:319216
hunter	survival	25	Light Company Guidon	249344	298:319171
hunter	survival	26	Tiny Electromental in a Jar	158374	292:312189,295:312527,302:313295,308:314577,315:315413,321:316422,328:318041,334:318883
hunter	survival	27	Font of Venomous Rage	270168	292:310971,295:311379,305:312319,315:313795,321:314697,331:316387,344:318579
hunter	survival	28	Sapling of the Dawnroot	250259	292:311808,295:312247,302:313129,308:314193,315:315178,321:316063,328:317499,334:318529
hunter	survival	29	Solarflare Prism	252420	298:317929
hunter	survival	30	Emberwing Feather	250144	298:317721
hunter	survival	31	Venomous Gladiator's Badge of Ferocity	270602	315:317584
hunter	survival	32	Heart of Wind	250256	298:317507
hunter	survival	33	Ruby Whelp Shell [Aoe]	193757	292:311078,295:311584,302:312288,308:312814,315:313931,321:314510,328:316087,334:316807
hunter	survival	34	Gaze of the Alnseer	249343	298:316447
hunter	survival	35	Ruby Whelp Shell [St]	193757	292:310768,295:311247,302:312022,308:312526,315:313450,321:314373,328:315636,334:316161
hunter	survival	36	Darkmoon Dominion: Rot	246306	292:310433,298:311002,305:312262,311:312736,318:313534,324:314492,331:315546
hunter	survival	37	Ranger-Captain's Iridescent Insignia	249345	298:315122
hunter	survival	38	Manaheart's Binding Flame	250243	292:309579,295:309608,302:310243,308:310996,315:311576,321:312345,328:313379,334:314194
hunter	survival	39	Mchimba's Ritual Bandages	159618	292:309256,295:309633,302:310322,308:310908,315:311805,321:312654,328:313044,334:313931
hunter	survival	40	First Mate's Shellward	270160	292:309171,295:309618,302:309991,308:310906,315:311752,321:312355,328:313082,334:313889
hunter	survival	41	Latch's Crooked Hook	250226	298:313519
hunter	survival	42	Undreamt God's Oozing Vestige	249805	298:313492
hunter	survival	43	Void Stalker's Contract	151307	298:313172
hunter	survival	44	Eye of the Drowning Void	250257	298:312393
hunter	survival	45	Kroluk's Warbanner	250227	298:312124
hunter	survival	46	Venomous Gladiator's Emblem	270606	315:311952
hunter	survival	47	Venomous Gladiator's Sigil of Adaptation	270604	315:311742
hunter	survival	48	Venomous Gladiator's Medallion	270605	315:311568
hunter	survival	49	Gloom-Spattered Dreadscale	249339	298:311098
hunter	survival	50	Vessel of Tortured Souls	250258	298:310329
hunter	survival	51	The Eternal Egg	249807	298:310094
hunter	survival	52	Ampoule of Pure Void	151312	298:309992
hunter	survival	53	Rotting Globule	252421	298:309868
hunter	survival	54	Jelly Replicator	250242	298:309606
hunter	survival	55	Hex Lord's Dooming Idol	270169	292:306521,295:306817,305:307314,315:307541,321:307679,331:308333,344:308533
hunter	survival	56	Preternatural Antivenom	270171	292:306996,295:307321,302:307057,308:307503,315:307593,321:308045,328:308029,334:308520
hunter	survival	57	Idol of the War Loa	250229	292:306875,295:306679,302:307171,308:307420,315:307660,321:307914,328:307836,334:308376
hunter	survival	58	Wavecaller's Seastone	270167	292:306612,295:306780,302:306948,308:306911,315:307766,321:307914,328:308173,334:308163
hunter	survival	59	Idol of the Howling Nexus	270174	292:306131,295:306369,302:306636,308:306407,315:307051,321:307298,328:307723,334:307615
hunter	survival	60	Mindpiercer's Sigil	250224	292:303295,295:303479,302:304148,308:304802,315:305101,321:305650,328:305994,334:306644
hunter	survival	61	Locus-Walker's Ribbon	249809	298:306482
hunter	survival	62	Permafrost Essence	250244	292:299089,295:299323,302:299174,308:299173,315:299253,321:299258,328:299424,334:299263
mage	arcane	0	baseline	-	292:280605
mage	arcane	1	Freightrunner's Flask	250215	292:300753,295:301348,302:301922,308:303209,315:304342,321:305353,328:306774,334:307689
mage	arcane	2	Vile Vial of Volatile Venom	273796	292:297712,295:298302,302:299118,308:300017,315:300822,321:301649,328:303119,334:303855
mage	arcane	3	Darkmoon Dominion: Blood	246305	292:297666,298:298869,305:299625,311:300782,318:301686,324:302504,331:303750
mage	arcane	4	Gebbo's Bottomless Bag	270164	292:297298,295:297485,302:298153,308:299340,315:300037,321:300651,328:302422,334:303110
mage	arcane	5	Darkmoon Dominion: Hunt	246304	292:297332,298:298196,305:299120,311:299876,318:301013,324:301994,331:302976
mage	arcane	6	Mindpiercer's Sigil	250224	292:294298,295:294817,302:295771,308:297110,315:298225,321:299516,328:300896,334:302526
mage	arcane	7	Wavecaller's Seastone	270167	292:295917,295:296622,302:297717,308:298385,315:299560,321:300441,328:301434,334:302334
mage	arcane	8	Magister's Alchemist Stone	241340	292:296626,298:297689,305:298459,311:299185,318:300215,324:301098,331:302302
mage	arcane	9	Darkmoon Dominion: Void	246307	292:296550,298:297283,305:298021,311:299140,318:299778,324:300986,331:302118
mage	arcane	10	Stormbound Emblem of Dazar	273649	292:294457,295:294886,302:295868,308:296975,315:297710,321:298583,328:299662,334:300979
mage	arcane	11	Hex Lord's Dooming Idol	270169	292:294226,295:294444,305:295806,315:296899,321:297947,331:299019,344:300904
mage	arcane	12	Lightspire Core	250214	292:295597,295:295655,302:296881,308:297547,315:298310,321:299319,328:300520,334:300813
mage	arcane	13	Fang of Umbral Malignance	270161	292:293461,295:294052,302:295107,308:295983,315:296811,321:298001,328:299473,334:300689
mage	arcane	14	Vexhul's Everflowing Gland	270170	292:293497,295:293757,302:294776,308:295442,315:297026,321:297767,328:298918,334:300275
mage	arcane	15	Thalassian Competitor's Insignia of Alacrity	245752	292:295233,298:295769,305:296523,311:297129,318:298521,324:299078,331:300013
mage	arcane	16	Ruby Whelp Shell [Crit]	193757	292:294547,295:295019,302:295744,308:296289,315:297134,321:298105,328:299452,334:299907
mage	arcane	17	Vaelgor's Final Stare	249346	298:299861
mage	arcane	18	Sapling of the Dawnroot	250259	292:293078,295:293789,302:294318,308:295773,315:296169,321:297400,328:298920,334:299667
mage	arcane	19	Knot of Writhing Serpents	273794	292:292943,295:293472,302:294479,308:295530,315:296462,321:297539,328:298586,334:299627
mage	arcane	20	Ruby Whelp Shell [Haste]	193757	292:293837,295:294309,302:295058,308:295986,315:296293,321:297417,328:298213,334:299446
mage	arcane	21	Venomous Gladiator's Badge of Ferocity	270602	315:298903
mage	arcane	22	Locus-Walker's Ribbon	249809	298:298280
mage	arcane	23	Shadow of the Empyrean Requiem	249810	298:298055
mage	arcane	24	Ruby Whelp Shell [Aoe]	193757	292:292535,295:292755,302:293409,308:294346,315:295106,321:295988,328:297147,334:298041
mage	arcane	25	Emberwing Feather	250144	298:297998
mage	arcane	26	Venomous Gladiator's Insignia of Alacrity	270603	315:297896
mage	arcane	27	Ruby Whelp Shell [St]	193757	292:292005,295:292164,302:293092,308:294021,315:294815,321:295646,328:296889,334:297738
mage	arcane	28	Gaze of the Alnseer	249343	298:297733
mage	arcane	29	Darkmoon Dominion: Rot	246306	292:291867,298:292435,305:293383,311:293994,318:295292,324:295978,331:297470
mage	arcane	30	Font of Venomous Rage	270168	292:290010,295:290591,305:291491,315:292893,321:293290,331:294992,344:296777
mage	arcane	31	Heart of Wind	250256	298:296251
mage	arcane	32	Unstable Felheart Crystal	250255	292:290498,295:290860,302:291655,308:292284,315:292831,321:293751,328:294666,334:295738
mage	arcane	33	Sethraliss' Defiled Relic	158368	292:290637,295:291066,302:291872,308:292303,315:292919,321:293752,328:294749,334:295618
mage	arcane	34	Seed of Radiant Hope	250254	292:290887,295:291184,302:291502,308:292523,315:293168,321:293558,328:294641,334:295573
mage	arcane	35	Mycolic Medicine	250248	292:290582,295:290951,302:291852,308:292368,315:293051,321:293744,328:294569,334:295399
mage	arcane	36	Soulcoiler Ritual Vessel	270162	292:290841,295:291049,302:291341,308:292580,315:293273,321:293477,328:294833,334:295267
mage	arcane	37	Reality Breacher	151310	298:294609
mage	arcane	38	Soulcatcher's Charm	250223	298:294442
mage	arcane	39	Eye of the Drowning Void	250257	298:293207
mage	arcane	40	Venomous Gladiator's Sigil of Adaptation	270604	315:293173
mage	arcane	41	Venomous Gladiator's Medallion	270605	315:293058
mage	arcane	42	Venomous Gladiator's Emblem	270606	315:292844
mage	arcane	43	Nevermelting Ice Crystal	50259	298:292137
mage	arcane	44	Wraps of Cosmic Madness	249340	298:291697
mage	arcane	45	Vessel of Tortured Souls	250258	298:291560
mage	arcane	46	Litany of Lightblind Wrath	249808	298:291440
mage	arcane	47	Voracious Heart of Ula'tek	270175	292:286738,295:286989,305:287464,315:287593,321:287710,331:287967,344:288452
mage	arcane	48	Preternatural Antivenom	270171	292:286733,295:286761,302:287083,308:287445,315:287495,321:287765,328:287782,334:288136
mage	arcane	49	Idol of the War Loa	250229	292:286934,295:286998,302:287177,308:287400,315:287596,321:287630,328:287915,334:287995
mage	arcane	50	Gloom-Spattered Dreadscale	249339	298:287172
mage	arcane	51	Idol of the Howling Nexus	270174	292:285650,295:285660,302:285739,308:285995,315:286032,321:286515,328:286313,334:286641
mage	arcane	52	Permafrost Essence	250244	292:280955,295:280818,302:280729,308:281069,315:281074,321:280960,328:280832,334:280883
mage	fire	0	baseline	-	292:333009
mage	fire	1	Vile Vial of Volatile Venom	273796	292:353978,295:354399,302:355407,308:356349,315:357693,321:358579,328:360382,334:361639
mage	fire	2	Hex Lord's Dooming Idol	270169	292:351351,295:351579,305:353317,315:354946,321:355931,331:357925,344:360619
mage	fire	3	Wavecaller's Seastone	270167	292:351659,295:352502,302:353232,308:354546,315:355586,321:356706,328:358010,334:359333
mage	fire	4	Stormbound Emblem of Dazar	273649	292:351171,295:351986,302:353041,308:353868,315:355436,321:356612,328:357925,334:358809
mage	fire	5	Magister's Alchemist Stone	241340	292:351608,298:352278,305:353630,311:354631,318:355729,324:356983,331:358537
mage	fire	6	Lightspire Core	250214	292:351350,295:351821,302:352984,308:354042,315:355222,321:356078,328:357546,334:358471
mage	fire	7	Darkmoon Dominion: Void	246307	292:351626,298:352526,305:353556,311:354624,318:355704,324:356728,331:358296
mage	fire	8	Darkmoon Dominion: Hunt	246304	292:351365,298:352501,305:353309,311:354580,318:355725,324:356509,331:358290
mage	fire	9	Gebbo's Bottomless Bag	270164	292:351063,295:351508,302:352724,308:353588,315:354721,321:356027,328:357451,334:358253
mage	fire	10	Mindpiercer's Sigil	250224	292:348552,295:348675,302:350511,308:351639,315:353218,321:354385,328:355850,334:357570
mage	fire	11	Emberwing Feather	250144	298:356795
mage	fire	12	Thalassian Competitor's Insignia of Alacrity	245752	292:350384,298:351249,305:352506,311:352978,318:354211,324:355037,331:356673
mage	fire	13	Vaelgor's Final Stare	249346	298:356590
mage	fire	14	Fang of Umbral Malignance	270161	292:347421,295:347869,302:349706,308:350497,315:351775,321:352869,328:354593,334:355834
mage	fire	15	Vexhul's Everflowing Gland	270170	292:346805,295:347993,302:349046,308:350445,315:351200,321:352246,328:354203,334:355484
mage	fire	16	Locus-Walker's Ribbon	249809	298:355363
mage	fire	17	Darkmoon Dominion: Blood	246305	292:348778,298:350088,305:351378,311:352181,318:353219,324:354143,331:355253
mage	fire	18	Knot of Writhing Serpents	273794	292:347490,295:347652,302:348730,308:349807,315:351218,321:352538,328:353839,334:355217
mage	fire	19	Ruby Whelp Shell [Haste]	193757	292:348248,295:348651,302:349654,308:350736,315:351719,321:351931,328:353794,334:354947
mage	fire	20	Venomous Gladiator's Badge of Ferocity	270602	315:354616
mage	fire	21	Sapling of the Dawnroot	250259	292:346759,295:347300,302:348421,308:349555,315:350527,321:351691,328:353338,334:354612
mage	fire	22	Venomous Gladiator's Insignia of Alacrity	270603	315:353569
mage	fire	23	Ruby Whelp Shell [Aoe]	193757	292:346789,295:347071,302:348049,308:348793,315:350229,321:351484,328:352936,334:353565
mage	fire	24	Ruby Whelp Shell [Crit]	193757	292:347052,295:347593,302:348002,308:349250,315:350388,321:351223,328:352532,334:353046
mage	fire	25	Ruby Whelp Shell [St]	193757	292:346295,295:346510,302:347369,308:348354,315:349468,321:350507,328:351809,334:352889
mage	fire	26	Freightrunner's Flask	250215	292:346669,295:346998,302:348113,308:348876,315:349622,321:350771,328:352013,334:352883
mage	fire	27	Font of Venomous Rage	270168	292:345179,295:345490,305:346614,315:348077,321:348750,331:350576,344:352443
mage	fire	28	Shadow of the Empyrean Requiem	249810	298:352391
mage	fire	29	Darkmoon Dominion: Rot	246306	292:346411,298:346481,305:347754,311:348660,318:349600,324:350721,331:352018
mage	fire	30	Heart of Wind	250256	298:351752
mage	fire	31	Gaze of the Alnseer	249343	298:351356
mage	fire	32	Unstable Felheart Crystal	250255	292:344766,295:344814,302:345784,308:346659,315:347617,321:348364,328:349527,334:350584
mage	fire	33	Soulcoiler Ritual Vessel	270162	292:344548,295:345057,302:345767,308:346543,315:347642,321:348625,328:349535,334:350492
mage	fire	34	Sethraliss' Defiled Relic	158368	292:344476,295:345275,302:346080,308:346763,315:347677,321:348255,328:349300,334:350488
mage	fire	35	Seed of Radiant Hope	250254	292:344563,295:344861,302:346019,308:346949,315:347462,321:348208,328:349460,334:350393
mage	fire	36	Mycolic Medicine	250248	292:344850,295:344995,302:345884,308:347021,315:347584,321:348278,328:349738,334:350204
mage	fire	37	Soulcatcher's Charm	250223	298:349036
mage	fire	38	Reality Breacher	151310	298:348988
mage	fire	39	Venomous Gladiator's Sigil of Adaptation	270604	315:347735
mage	fire	40	Venomous Gladiator's Emblem	270606	315:347585
mage	fire	41	Venomous Gladiator's Medallion	270605	315:347481
mage	fire	42	Wraps of Cosmic Madness	249340	298:347121
mage	fire	43	Eye of the Drowning Void	250257	298:346949
mage	fire	44	Litany of Lightblind Wrath	249808	298:345438
mage	fire	45	Nevermelting Ice Crystal	50259	298:345241
mage	fire	46	Vessel of Tortured Souls	250258	298:344185
mage	fire	47	Idol of the Howling Nexus	270174	292:339694,295:339832,302:339967,308:339896,315:340388,321:340376,328:340574,334:341058
mage	fire	48	Preternatural Antivenom	270171	292:335274,295:335348,302:335772,308:335815,315:335963,321:336058,328:336486,334:336209
mage	fire	49	Voracious Heart of Ula'tek	270175	292:335582,295:335760,305:335848,315:335764,321:336187,331:336226,344:336477
mage	fire	50	Idol of the War Loa	250229	292:335870,295:335545,302:335680,308:335929,315:335851,321:335724,328:335795,334:336297
mage	fire	51	Gloom-Spattered Dreadscale	249339	298:335941
mage	fire	52	Permafrost Essence	250244	292:332794,295:332757,302:333011,308:332745,315:332830,321:333008,328:332416,334:332568
mage	frost	0	baseline	-	292:262285
mage	frost	1	Darkmoon Dominion: Hunt	246304	292:279547,298:280435,305:281535,311:282336,318:283462,324:284178,331:285387
mage	frost	2	Freightrunner's Flask	250215	292:278829,295:278770,302:279891,308:280636,315:281393,321:282523,328:283552,334:284734
mage	frost	3	Gebbo's Bottomless Bag	270164	292:278199,295:278654,302:279983,308:280537,315:281581,321:282379,328:283170,334:284353
mage	frost	4	Lightspire Core	250214	292:278269,295:278471,302:279066,308:280023,315:281043,321:281588,328:283110,334:284066
mage	frost	5	Vile Vial of Volatile Venom	273796	292:278202,295:278463,302:279299,308:280241,315:281092,321:281761,328:282966,334:283914
mage	frost	6	Mindpiercer's Sigil	250224	292:275743,295:276243,302:277579,308:278418,315:280104,321:281049,328:282440,334:283838
mage	frost	7	Darkmoon Dominion: Blood	246305	292:278102,298:278925,305:279875,311:280638,318:281733,324:282726,331:283388
mage	frost	8	Wavecaller's Seastone	270167	292:277648,295:277857,302:278665,308:279600,315:280636,321:281227,328:282384,334:283255
mage	frost	9	Font of Venomous Rage	270168	292:274769,295:275163,305:276711,315:278075,321:278738,331:280714,344:282889
mage	frost	10	Magister's Alchemist Stone	241340	292:277068,298:278006,305:279034,311:279717,318:280560,324:281868,331:282748
mage	frost	11	Darkmoon Dominion: Void	246307	292:277146,298:278197,305:278672,311:279704,318:280880,324:281638,331:282515
mage	frost	12	Fang of Umbral Malignance	270161	292:274834,295:275175,302:276129,308:276928,315:278124,321:278939,328:280481,334:281761
mage	frost	13	Hex Lord's Dooming Idol	270169	292:275447,295:275764,305:276909,315:277579,321:278489,331:279659,344:281671
mage	frost	14	Vexhul's Everflowing Gland	270170	292:275039,295:275178,302:276047,308:277265,315:278533,321:279266,328:280823,334:281608
mage	frost	15	Thalassian Competitor's Insignia of Alacrity	245752	292:276198,298:276686,305:277763,311:278699,318:279410,324:279855,331:281205
mage	frost	16	Ruby Whelp Shell [Crit]	193757	292:275917,295:275906,302:276960,308:277707,315:278535,321:279195,328:280208,334:281193
mage	frost	17	Vaelgor's Final Stare	249346	298:281042
mage	frost	18	Gaze of the Alnseer	249343	298:281001
mage	frost	19	Locus-Walker's Ribbon	249809	298:280784
mage	frost	20	Sapling of the Dawnroot	250259	292:274172,295:274426,302:275340,308:276374,315:277042,321:278113,328:279526,334:280687
mage	frost	21	Stormbound Emblem of Dazar	273649	292:274685,295:274840,302:275855,308:276482,315:277822,321:278527,328:279917,334:280436
mage	frost	22	Knot of Writhing Serpents	273794	292:273982,295:274222,302:275351,308:276178,315:277174,321:277943,328:279271,334:280272
mage	frost	23	Ruby Whelp Shell [Haste]	193757	292:275052,295:275351,302:276305,308:277036,315:277779,321:278605,328:279303,334:280217
mage	frost	24	Ruby Whelp Shell [Aoe]	193757	292:273375,295:273696,302:274712,308:274974,315:276153,321:277171,328:278165,334:279103
mage	frost	25	Venomous Gladiator's Insignia of Alacrity	270603	315:278783
mage	frost	26	Venomous Gladiator's Badge of Ferocity	270602	315:278556
mage	frost	27	Shadow of the Empyrean Requiem	249810	298:278543
mage	frost	28	Ruby Whelp Shell [St]	193757	292:272886,295:273450,302:274420,308:274827,315:275814,321:276357,328:277724,334:278498
mage	frost	29	Emberwing Feather	250144	298:278224
mage	frost	30	Heart of Wind	250256	298:277377
mage	frost	31	Darkmoon Dominion: Rot	246306	292:272344,298:273025,305:273663,311:274680,318:275593,324:276439,331:277359
mage	frost	32	Unstable Felheart Crystal	250255	292:271852,295:271690,302:272626,308:273435,315:274178,321:274730,328:275657,334:276340
mage	frost	33	Seed of Radiant Hope	250254	292:271509,295:271720,302:272431,308:273187,315:273789,321:274527,328:275258,334:276153
mage	frost	34	Mycolic Medicine	250248	292:271560,295:271584,302:272390,308:273015,315:273715,321:274489,328:275244,334:276068
mage	frost	35	Sethraliss' Defiled Relic	158368	292:271652,295:271796,302:272289,308:273181,315:273825,321:274328,328:275352,334:275839
mage	frost	36	Reality Breacher	151310	298:275690
mage	frost	37	Soulcatcher's Charm	250223	298:275190
mage	frost	38	Litany of Lightblind Wrath	249808	298:275040
mage	frost	39	Venomous Gladiator's Emblem	270606	315:273959
mage	frost	40	Venomous Gladiator's Medallion	270605	315:273819
mage	frost	41	Venomous Gladiator's Sigil of Adaptation	270604	315:273719
mage	frost	42	Eye of the Drowning Void	250257	298:273439
mage	frost	43	Gloom-Spattered Dreadscale	249339	298:273359
mage	frost	44	Wraps of Cosmic Madness	249340	298:272993
mage	frost	45	Vessel of Tortured Souls	250258	298:272581
mage	frost	46	Nevermelting Ice Crystal	50259	298:272245
mage	frost	47	Soulcoiler Ritual Vessel	270162	292:266936,295:267081,302:267816,308:268558,315:268900,321:269648,328:270424,334:271124
mage	frost	48	Voracious Heart of Ula'tek	270175	292:268643,295:268869,305:269202,315:269469,321:269859,331:270283,344:270351
mage	frost	49	Idol of the War Loa	250229	292:268362,295:268366,302:269001,308:269197,315:269242,321:269456,328:269371,334:269852
mage	frost	50	Idol of the Howling Nexus	270174	292:268625,295:268821,302:268559,308:268994,315:269662,321:269440,328:269618,334:269845
mage	frost	51	Preternatural Antivenom	270171	292:268560,295:268516,302:268986,308:268903,315:269303,321:269355,328:269740,334:269439
mage	frost	52	Permafrost Essence	250244	292:262024,295:262198,302:261953,308:261970,315:262228,321:262234,328:262204,334:262240
monk	brewmaster	0	baseline	-	292:258308
monk	brewmaster	1	Voracious Heart of Ula'tek	270175	292:271121,295:271547,305:272860,315:273997,321:274530,331:276154,344:278143
monk	brewmaster	2	Darkmoon Dominion: Hunt	246304	292:272373,298:272576,305:273633,311:274089,318:275017,324:275873,331:276885
monk	brewmaster	3	Zul'jin's Guillotine Technique	270173	292:268954,295:269189,305:270528,315:271848,321:272938,331:274643,344:276771
monk	brewmaster	4	Tumor of the Swarm	250245	292:269725,295:270228,302:270979,308:271703,315:273093,321:274029,328:275441,334:276186
monk	brewmaster	5	Lustrous Golden Plumage	159617	292:270881,295:270965,302:272026,308:272394,315:272954,321:273882,328:275003,334:275997
monk	brewmaster	6	Darkmoon Dominion: Void	246307	292:271004,298:271753,305:272671,311:273290,318:274033,324:274802,331:275859
monk	brewmaster	7	Magister's Alchemist Stone	241340	292:271116,298:271905,305:272364,311:273033,318:274158,324:274954,331:275818
monk	brewmaster	8	Gebbo's Bottomless Bag	270164	292:271123,295:271452,302:272015,308:272765,315:273739,321:274068,328:275232,334:275692
monk	brewmaster	9	Freightrunner's Flask	250215	292:270807,295:271180,302:272073,308:272285,315:273382,321:274172,328:274838,334:275669
monk	brewmaster	10	Tiny Electromental in a Jar	158374	292:269193,295:269598,302:270557,308:271264,315:272295,321:273233,328:274571,334:275582
monk	brewmaster	11	Resonant Bellowstone	250228	292:270376,295:270900,302:271505,308:272159,315:273119,321:273838,328:274348,334:275313
monk	brewmaster	12	Lightspire Core	250214	292:270025,295:270302,302:271210,308:271968,315:272687,321:273194,328:274452,334:275233
monk	brewmaster	13	Darkmoon Dominion: Blood	246305	292:270218,298:271103,305:271429,311:272118,318:273218,324:273599,331:274622
monk	brewmaster	14	Vashnik's Sanguine Rancor	270166	292:268434,295:268752,302:269363,308:270536,315:271372,321:271998,328:273206,334:274001
monk	brewmaster	15	Umbral Plume	260235	298:273833
monk	brewmaster	16	Vile Vial of Volatile Venom	273796	292:269333,295:269465,302:270065,308:271004,315:271339,321:272053,328:273202,334:273784
monk	brewmaster	17	Keeper's Seething Core	270165	292:269370,295:269811,302:270344,308:270903,315:271844,321:272328,328:272908,334:273604
monk	brewmaster	18	Tattered Amani War Banner	273797	292:269075,295:269594,302:270414,308:270855,315:271623,321:272279,328:273158,334:273543
monk	brewmaster	19	Void Execution Mandate	250225	292:269259,295:269618,302:270121,308:270666,315:271137,321:272121,328:272633,334:273543
monk	brewmaster	20	Sapling of the Dawnroot	250259	292:267625,295:268168,302:268719,308:269535,315:270397,321:270759,328:272039,334:272809
monk	brewmaster	21	Ruby Whelp Shell [Crit]	193757	292:268373,295:268465,302:269018,308:269754,315:270506,321:271104,328:271642,334:272610
monk	brewmaster	22	Thalassian Competitor's Insignia of Alacrity	245752	292:268238,298:268632,305:269308,311:269839,318:270858,324:271248,331:272103
monk	brewmaster	23	Solarflare Prism	252420	298:272095
monk	brewmaster	24	Radiant Plume	249806	298:271958
monk	brewmaster	25	Ruby Whelp Shell [St]	193757	292:267062,295:267346,302:268142,308:268661,315:269228,321:270142,328:270838,334:271907
monk	brewmaster	26	Gaze of the Alnseer	249343	298:271787
monk	brewmaster	27	Ruby Whelp Shell [Aoe]	193757	292:267461,295:267627,302:268446,308:268923,315:269639,321:270345,328:271070,334:271673
monk	brewmaster	28	Font of Venomous Rage	270168	292:266014,295:266137,305:267081,315:268197,321:268644,331:270220,344:271636
monk	brewmaster	29	Darkmoon Dominion: Rot	246306	292:267575,298:268205,305:268712,311:269409,318:270183,324:270944,331:271603
monk	brewmaster	30	Ruby Whelp Shell [Haste]	193757	292:267196,295:267633,302:268143,308:268734,315:269385,321:270025,328:270881,334:271502
monk	brewmaster	31	Venomous Gladiator's Badge of Ferocity	270602	315:271499
monk	brewmaster	32	Ranger-Captain's Iridescent Insignia	249345	298:271291
monk	brewmaster	33	Void Stalker's Contract	151307	298:270711
monk	brewmaster	34	Venomous Gladiator's Insignia of Alacrity	270603	315:270632
monk	brewmaster	35	Manaheart's Binding Flame	250243	292:266389,295:266736,302:267219,308:267663,315:268360,321:268780,328:269396,334:270437
monk	brewmaster	36	First Mate's Shellward	270160	292:266323,295:266647,302:267118,308:267567,315:268249,321:268909,328:269528,334:270274
monk	brewmaster	37	Mchimba's Ritual Bandages	159618	292:266523,295:266507,302:266981,308:267464,315:268242,321:268840,328:269498,334:270186
monk	brewmaster	38	Latch's Crooked Hook	250226	298:269961
monk	brewmaster	39	Undreamt God's Oozing Vestige	249805	298:269554
monk	brewmaster	40	Heart of Wind	250256	298:269275
monk	brewmaster	41	Algeth'ar Puzzle Box	193701	298:269053
monk	brewmaster	42	Gloom-Spattered Dreadscale	249339	298:268442
monk	brewmaster	43	Light Company Guidon	249344	298:268389
monk	brewmaster	44	Venomous Gladiator's Medallion	270605	315:268318
monk	brewmaster	45	Venomous Gladiator's Emblem	270606	315:268282
monk	brewmaster	46	Eye of the Drowning Void	250257	298:268274
monk	brewmaster	47	Kroluk's Warbanner	250227	298:268182
monk	brewmaster	48	Venomous Gladiator's Sigil of Adaptation	270604	315:268102
monk	brewmaster	49	Vessel of Tortured Souls	250258	298:268078
monk	brewmaster	50	Emberwing Feather	250144	298:267509
monk	brewmaster	51	Mindpiercer's Sigil	250224	292:263109,295:263755,302:264138,308:264655,315:265567,321:265921,328:266919,334:267337
monk	brewmaster	52	Jelly Replicator	250242	298:266971
monk	brewmaster	53	Rotting Globule	252421	298:266823
monk	brewmaster	54	Ampoule of Pure Void	151312	298:266701
monk	brewmaster	55	The Eternal Egg	249807	298:266594
monk	brewmaster	56	Preternatural Antivenom	270171	292:263510,295:263635,302:263680,308:263722,315:264232,321:264121,328:264139,334:264523
monk	brewmaster	57	Idol of the War Loa	250229	292:263250,295:263524,302:263473,308:263886,315:263854,321:264266,328:264330,334:264082
monk	brewmaster	58	Idol of the Howling Nexus	270174	292:262076,295:262209,302:262546,308:262428,315:262607,321:263003,328:262717,334:262778
monk	brewmaster	59	Locus-Walker's Ribbon	249809	298:262515
monk	brewmaster	60	Hex Lord's Dooming Idol	270169	292:260694,295:260468,305:260688,315:261063,321:261031,331:260870,344:261453
monk	brewmaster	61	Wavecaller's Seastone	270167	292:260583,295:260719,302:260615,308:260909,315:260861,321:260816,328:261106,334:261116
monk	brewmaster	62	Permafrost Essence	250244	292:260330,295:260110,302:260610,308:260277,315:260379,321:260361,328:260574,334:260597
monk	windwalker	0	baseline	-	292:352548
monk	windwalker	1	Voracious Heart of Ula'tek	270175	292:379159,295:380403,305:382070,315:385150,321:386001,331:388780,344:392552
monk	windwalker	2	Keeper's Seething Core	270165	292:376560,295:377158,302:378877,308:378870,315:380687,321:381957,328:383025,334:384956
monk	windwalker	3	Freightrunner's Flask	250215	292:376777,295:378277,302:378460,308:379654,315:380992,321:381813,328:383200,334:384579
monk	windwalker	4	Void Execution Mandate	250225	292:376527,295:377257,302:378190,308:378914,315:380178,321:381452,328:382817,334:384380
monk	windwalker	5	Lustrous Golden Plumage	159617	292:374873,295:375280,302:376379,308:377972,315:378668,321:380343,328:381650,334:382746
monk	windwalker	6	Vile Vial of Volatile Venom	273796	292:374748,295:375504,302:376678,308:377390,315:378933,321:380461,328:381591,334:382644
monk	windwalker	7	Tattered Amani War Banner	273797	292:375092,295:375202,302:376119,308:377617,315:378773,321:379197,328:380819,334:382033
monk	windwalker	8	Light Company Guidon	249344	298:381315
monk	windwalker	9	Zul'jin's Guillotine Technique	270173	292:367964,295:369126,305:370899,315:372823,321:374337,331:377387,344:380981
monk	windwalker	10	Gebbo's Bottomless Bag	270164	292:373644,295:373914,302:374588,308:376266,315:377491,321:377997,328:379544,334:380954
monk	windwalker	11	Darkmoon Dominion: Hunt	246304	292:373931,298:374542,305:375306,311:376764,318:378496,324:378921,331:380626
monk	windwalker	12	Thalassian Competitor's Insignia of Alacrity	245752	292:373573,298:374813,305:375074,311:376013,318:377394,324:379398,331:379988
monk	windwalker	13	Darkmoon Dominion: Blood	246305	292:373172,298:373247,305:375427,311:375903,318:377483,324:378212,331:379560
monk	windwalker	14	Emberwing Feather	250144	298:378841
monk	windwalker	15	Lightspire Core	250214	292:371531,295:371388,302:373115,308:373807,315:374856,321:375949,328:377564,334:378767
monk	windwalker	16	Algeth'ar Puzzle Box	193701	298:378710
monk	windwalker	17	Darkmoon Dominion: Void	246307	292:371423,298:372667,305:373460,311:374673,318:375621,324:376359,331:378524
monk	windwalker	18	Magister's Alchemist Stone	241340	292:371768,298:372679,305:373695,311:374060,318:375664,324:376581,331:377998
monk	windwalker	19	Resonant Bellowstone	250228	292:369962,295:370720,302:371846,308:372816,315:374449,321:374776,328:376290,334:377279
monk	windwalker	20	Tumor of the Swarm	250245	292:368554,295:369049,302:369741,308:370871,315:372212,321:373971,328:375633,334:377171
monk	windwalker	21	Vashnik's Sanguine Rancor	270166	292:367460,295:367922,302:369610,308:370755,315:372440,321:373401,328:374827,334:376902
monk	windwalker	22	Venomous Gladiator's Insignia of Alacrity	270603	315:376785
monk	windwalker	23	Tiny Electromental in a Jar	158374	292:367392,295:368740,302:370316,308:370929,315:371658,321:372722,328:374550,334:376380
monk	windwalker	24	Radiant Plume	249806	298:375463
monk	windwalker	25	Font of Venomous Rage	270168	292:366549,295:366803,305:367672,315:369443,321:370458,331:372672,344:375389
monk	windwalker	26	Heart of Wind	250256	298:375359
monk	windwalker	27	Umbral Plume	260235	298:375208
monk	windwalker	28	Gaze of the Alnseer	249343	298:375070
monk	windwalker	29	Ruby Whelp Shell [Haste]	193757	292:368106,295:368518,302:369777,308:370898,315:371444,321:372412,328:373726,334:374616
monk	windwalker	30	Sapling of the Dawnroot	250259	292:366684,295:367798,302:367622,308:369169,315:370073,321:371127,328:372979,334:373934
monk	windwalker	31	Ruby Whelp Shell [Crit]	193757	292:366944,295:367563,302:368598,308:369447,315:369841,321:371848,328:372378,334:373696
monk	windwalker	32	Venomous Gladiator's Badge of Ferocity	270602	315:373346
monk	windwalker	33	Solarflare Prism	252420	298:372408
monk	windwalker	34	Ranger-Captain's Iridescent Insignia	249345	298:372286
monk	windwalker	35	Ruby Whelp Shell [Aoe]	193757	292:365901,295:365983,302:366163,308:367945,315:368999,321:369191,328:370740,334:371434
monk	windwalker	36	Ruby Whelp Shell [St]	193757	292:364618,295:365564,302:365945,308:367904,315:368092,321:369454,328:370251,334:371168
monk	windwalker	37	Darkmoon Dominion: Rot	246306	292:364701,298:365885,305:367412,311:367491,318:368442,324:369898,331:370581
monk	windwalker	38	Manaheart's Binding Flame	250243	292:363598,295:364092,302:364752,308:365740,315:366160,321:367464,328:368615,334:370076
monk	windwalker	39	First Mate's Shellward	270160	292:364212,295:364894,302:365387,308:366257,315:366824,321:367478,328:368814,334:369900
monk	windwalker	40	Mchimba's Ritual Bandages	159618	292:363578,295:364272,302:364972,308:365658,315:366865,321:367988,328:368831,334:369441
monk	windwalker	41	Latch's Crooked Hook	250226	298:369331
monk	windwalker	42	Void Stalker's Contract	151307	298:369064
monk	windwalker	43	Undreamt God's Oozing Vestige	249805	298:368562
monk	windwalker	44	Venomous Gladiator's Emblem	270606	315:367655
monk	windwalker	45	Eye of the Drowning Void	250257	298:367454
monk	windwalker	46	Kroluk's Warbanner	250227	298:366868
monk	windwalker	47	Venomous Gladiator's Medallion	270605	315:366816
monk	windwalker	48	Venomous Gladiator's Sigil of Adaptation	270604	315:366695
monk	windwalker	49	Vessel of Tortured Souls	250258	298:365502
monk	windwalker	50	Hex Lord's Dooming Idol	270169	292:362636,295:363165,305:363940,315:363938,321:364160,331:364702,344:364935
monk	windwalker	51	Gloom-Spattered Dreadscale	249339	298:364853
monk	windwalker	52	The Eternal Egg	249807	298:364825
monk	windwalker	53	Ampoule of Pure Void	151312	298:364432
monk	windwalker	54	Jelly Replicator	250242	298:364392
monk	windwalker	55	Rotting Globule	252421	298:364192
monk	windwalker	56	Wavecaller's Seastone	270167	292:362080,295:362322,302:362364,308:362713,315:364099,321:363974,328:364012,334:363700
monk	windwalker	57	Permafrost Essence	250244	292:361616,295:362178,302:362261,308:363167,315:362487,321:363193,328:363677,334:363572
monk	windwalker	58	Preternatural Antivenom	270171	292:360362,295:360480,302:360135,308:361135,315:360632,321:362113,328:360683,334:361455
monk	windwalker	59	Idol of the War Loa	250229	292:360781,295:360518,302:360432,308:360650,315:361044,321:360711,328:361209,334:361590
monk	windwalker	60	Idol of the Howling Nexus	270174	292:359990,295:359502,302:360075,308:360435,315:361270,321:360494,328:360774,334:361240
monk	windwalker	61	Locus-Walker's Ribbon	249809	298:359774
monk	windwalker	62	Mindpiercer's Sigil	250224	292:353147,295:352977,302:353024,308:353102,315:353138,321:353212,328:354186,334:354489
paladin	protection	0	baseline	-	292:177591
paladin	protection	1	Zul'jin's Guillotine Technique	270173	292:191979,295:192662,305:194019,315:195826,321:196958,331:198982,344:202247
paladin	protection	2	Merektha's Fang	158367	292:190392,295:190959,302:192512,308:193661,315:195183,321:196880,328:198327,334:200172
paladin	protection	3	Voracious Heart of Ula'tek	270175	292:189564,295:189833,305:190769,315:191911,321:192718,331:193910,344:195988
paladin	protection	4	Tumor of the Swarm	250245	292:187697,295:188031,302:188764,308:189619,315:190512,321:191572,328:192785,334:193498
paladin	protection	5	Vile Vial of Volatile Venom	273796	292:189445,295:189730,302:190401,308:190880,315:191585,321:192039,328:192990,334:193467
paladin	protection	6	Keeper's Seething Core	270165	292:188550,295:188802,302:189384,308:189870,315:190470,321:191067,328:191955,334:192378
paladin	protection	7	Darkmoon Dominion: Blood	246305	292:188607,298:188927,305:189531,311:190040,318:190796,324:191406,331:192252
paladin	protection	8	Darkmoon Dominion: Hunt	246304	292:188565,298:188953,305:189510,311:190175,318:190847,324:191405,331:192211
paladin	protection	9	Gebbo's Bottomless Bag	270164	292:188364,295:188572,302:189145,308:189576,315:190375,321:190842,328:191657,334:192154
paladin	protection	10	Venomous Gladiator's Badge of Ferocity	270602	315:192116
paladin	protection	11	Blazebinder's Hoof	193762	292:187750,295:188015,302:188449,308:189157,315:189823,321:190248,328:190869,334:191697
paladin	protection	12	Magister's Alchemist Stone	241340	292:187895,298:188552,305:188944,311:189626,318:190164,324:190849,331:191463
paladin	protection	13	Darkmoon Dominion: Void	246307	292:187818,298:188501,305:189102,311:189595,318:190118,324:190804,331:191458
paladin	protection	14	Algeth'ar Puzzle Box	193701	298:191401
paladin	protection	15	Seed of the Devouring Wild	250238	292:186850,295:187197,302:187665,308:188290,315:188822,321:189494,328:190474,334:191074
paladin	protection	16	Resonant Bellowstone	250228	292:187301,295:187502,302:187978,308:188537,315:188961,321:189491,328:190428,334:190664
paladin	protection	17	Tattered Amani War Banner	273797	292:187055,295:187233,302:187695,308:188219,315:188912,321:189444,328:189918,334:190578
paladin	protection	18	Font of Venomous Rage	270168	292:185441,295:185597,305:186507,315:187211,321:187987,331:188758,344:190411
paladin	protection	19	Sapling of the Dawnroot	250259	292:185831,295:186140,302:186911,308:187477,315:188311,321:188699,328:189791,334:190329
paladin	protection	20	Umbral Plume	260235	298:190269
paladin	protection	21	Thalassian Competitor's Insignia of Alacrity	245752	292:187267,298:187545,305:188023,311:188559,318:189203,324:189717,331:190197
paladin	protection	22	Radiant Plume	249806	298:189758
paladin	protection	23	Ruby Whelp Shell [Crit]	193757	292:185993,295:186330,302:186715,308:187111,315:187660,321:188426,328:188919,334:189662
paladin	protection	24	Idol of the War Loa	250229	292:187739,295:187796,302:188250,308:188464,315:188895,321:189179,328:189364,334:189634
paladin	protection	25	Heart of Ancient Hunger	249342	298:189388
paladin	protection	26	Ruby Whelp Shell [Aoe]	193757	292:185332,295:185598,302:186037,308:186708,315:187265,321:187909,328:188666,334:189260
paladin	protection	27	Ruby Whelp Shell [Haste]	193757	292:185730,295:186270,302:186544,308:187007,315:187456,321:188149,328:188931,334:189105
paladin	protection	28	Venomous Gladiator's Insignia of Alacrity	270603	315:189092
paladin	protection	29	Ruby Whelp Shell [St]	193757	292:185035,295:185488,302:186048,308:186331,315:187105,321:187666,328:188168,334:188967
paladin	protection	30	Darkmoon Dominion: Rot	246306	292:184999,298:185560,305:186179,311:186711,318:187232,324:187780,331:188635
paladin	protection	31	Light Company Guidon	249344	298:188492
paladin	protection	32	Gaze of the Alnseer	249343	298:188450
paladin	protection	33	Solarflare Prism	252420	298:188428
paladin	protection	34	Heart of Wind	250256	298:187871
paladin	protection	35	Void Stalker's Contract	151307	298:187848
paladin	protection	36	Undreamt God's Oozing Vestige	249805	298:187270
paladin	protection	37	Manaheart's Binding Flame	250243	292:184092,295:184029,302:184651,308:185134,315:185427,321:185953,328:186645,334:187207
paladin	protection	38	Sszorak's Ferocity	270163	292:183945,295:184196,302:184637,308:185028,315:185374,321:185817,328:186421,334:187067
paladin	protection	39	Coiled Fangstone	273795	292:183986,295:184154,302:184582,308:185106,315:185590,321:186054,328:186436,334:187046
paladin	protection	40	Mchimba's Ritual Bandages	159618	292:183854,295:184148,302:184628,308:185022,315:185434,321:186042,328:186530,334:187025
paladin	protection	41	Dragon Games Equipment	193719	298:186984
paladin	protection	42	Latch's Crooked Hook	250226	298:186947
paladin	protection	43	First Mate's Shellward	270160	292:184047,295:184256,302:184603,308:185041,315:185606,321:185994,328:186708,334:186944
paladin	protection	44	Mark of Light	250241	298:185917
paladin	protection	45	Kroluk's Warbanner	250227	298:185808
paladin	protection	46	Gloom-Spattered Dreadscale	249339	298:185609
paladin	protection	47	Mindpiercer's Sigil	250224	292:182051,295:182126,302:182880,308:183082,315:183655,321:184041,328:185014,334:185574
paladin	protection	48	Venomous Gladiator's Medallion	270605	315:185494
paladin	protection	49	Venomous Gladiator's Emblem	270606	315:185474
paladin	protection	50	Venomous Gladiator's Sigil of Adaptation	270604	315:185424
paladin	protection	51	Ampoule of Pure Void	151312	298:184441
paladin	protection	52	The Eternal Egg	249807	298:184364
paladin	protection	53	Jelly Replicator	250242	298:184360
paladin	protection	54	Rotting Globule	252421	298:184258
paladin	protection	55	Vessel of Tortured Souls	250258	298:184159
paladin	protection	56	Preternatural Antivenom	270171	292:181670,295:181579,302:181811,308:181886,315:182025,321:182175,328:182261,334:182262
paladin	protection	57	Hex Lord's Dooming Idol	270169	292:181183,295:181310,305:181622,315:181648,321:181750,331:181967,344:182244
paladin	protection	58	Wavecaller's Seastone	270167	292:181269,295:181381,302:181401,308:181384,315:181523,321:181716,328:181707,334:181838
paladin	protection	59	Idol of the Howling Nexus	270174	292:181229,295:181297,302:181113,308:181353,315:181574,321:181594,328:181764,334:181791
paladin	protection	60	Permafrost Essence	250244	292:180601,295:180768,302:180753,308:180855,315:180898,321:181084,328:181137,334:181577
paladin	protection	61	Locus-Walker's Ribbon	249809	298:181218
priest	shadow	0	baseline	-	292:356670
priest	shadow	1	Freightrunner's Flask	250215	292:380475,295:381398,302:382822,308:383597,315:384826,321:386330,328:387781,334:389403
priest	shadow	2	Vile Vial of Volatile Venom	273796	292:380309,295:380978,302:381864,308:383468,315:384509,321:385467,328:386940,334:388489
priest	shadow	3	Wavecaller's Seastone	270167	292:378166,295:378898,302:379760,308:381232,315:382792,321:383851,328:385244,334:386982
priest	shadow	4	Darkmoon Dominion: Hunt	246304	292:379225,298:380109,305:381562,311:382429,318:384272,324:385455,331:386863
priest	shadow	5	Gebbo's Bottomless Bag	270164	292:378664,295:378860,302:380336,308:381313,315:382689,321:383956,328:385536,334:386576
priest	shadow	6	Darkmoon Dominion: Blood	246305	292:378804,298:380074,305:381373,311:382578,318:383599,324:384863,331:386441
priest	shadow	7	Hex Lord's Dooming Idol	270169	292:375711,295:375988,305:378010,315:379908,321:381130,331:382671,344:385068
priest	shadow	8	Magister's Alchemist Stone	241340	292:377068,298:378250,305:379610,311:380884,318:382127,324:383434,331:384988
priest	shadow	9	Darkmoon Dominion: Void	246307	292:377206,298:378603,305:379388,311:380536,318:382098,324:383138,331:384719
priest	shadow	10	Lightspire Core	250214	292:376007,295:376529,302:377608,308:378543,315:379942,321:380548,328:382059,334:383562
priest	shadow	11	Thalassian Competitor's Insignia of Alacrity	245752	292:376595,298:377503,305:378635,311:379618,318:380941,324:381878,331:382776
priest	shadow	12	Stormbound Emblem of Dazar	273649	292:373514,295:374193,302:375308,308:376687,315:377843,321:379235,328:380956,334:382229
priest	shadow	13	Mindpiercer's Sigil	250224	292:372949,295:373541,302:374749,308:375852,315:377178,321:378617,328:380469,334:382025
priest	shadow	14	Ruby Whelp Shell [Crit]	193757	292:374030,295:374872,302:375968,308:376626,315:378143,321:378720,328:380154,334:381272
priest	shadow	15	Fang of Umbral Malignance	270161	292:372331,295:372677,302:373799,308:375269,315:376370,321:378110,328:379062,334:381124
priest	shadow	16	Emberwing Feather	250144	298:380774
priest	shadow	17	Venomous Gladiator's Insignia of Alacrity	270603	315:380490
priest	shadow	18	Ruby Whelp Shell [Haste]	193757	292:373335,295:373780,302:374771,308:375484,315:376495,321:377635,328:379101,334:380241
priest	shadow	19	Gaze of the Alnseer	249343	298:379937
priest	shadow	20	Locus-Walker's Ribbon	249809	298:379718
priest	shadow	21	Vexhul's Everflowing Gland	270170	292:371770,295:371951,302:373463,308:374642,315:375442,321:376876,328:378312,334:379679
priest	shadow	22	Vaelgor's Final Stare	249346	298:379629
priest	shadow	23	Knot of Writhing Serpents	273794	292:371763,295:371763,302:372848,308:374225,315:375437,321:376769,328:377859,334:379407
priest	shadow	24	Sapling of the Dawnroot	250259	292:370488,295:371613,302:372683,308:373635,315:374625,321:375903,328:377410,334:378753
priest	shadow	25	Heart of Wind	250256	298:377666
priest	shadow	26	Ruby Whelp Shell [Aoe]	193757	292:370590,295:371231,302:372403,308:372827,315:373887,321:375178,328:376784,334:377484
priest	shadow	27	Venomous Gladiator's Badge of Ferocity	270602	315:377423
priest	shadow	28	Ruby Whelp Shell [St]	193757	292:370297,295:370876,302:371572,308:372292,315:373870,321:375237,328:376257,334:377381
priest	shadow	29	Shadow of the Empyrean Requiem	249810	298:376807
priest	shadow	30	Darkmoon Dominion: Rot	246306	292:370596,298:371049,305:371964,311:372891,318:374252,324:375376,331:376741
priest	shadow	31	Vessel of Tortured Souls	250258	298:376256
priest	shadow	32	Seed of Radiant Hope	250254	292:368764,295:369761,302:370502,308:371455,315:371938,321:372967,328:374322,334:375944
priest	shadow	33	Unstable Felheart Crystal	250255	292:369161,295:369657,302:369963,308:371460,315:372154,321:373142,328:374582,334:375530
priest	shadow	34	Mycolic Medicine	250248	292:369077,295:369616,302:370086,308:371107,315:372262,321:373075,328:374259,334:375050
priest	shadow	35	Sethraliss' Defiled Relic	158368	292:369415,295:369633,302:370485,308:371437,315:372181,321:373294,328:374456,334:374836
priest	shadow	36	Font of Venomous Rage	270168	292:366897,295:367290,305:368744,315:369756,321:370394,331:371940,344:374192
priest	shadow	37	Soulcatcher's Charm	250223	298:373714
priest	shadow	38	Reality Breacher	151310	298:373530
priest	shadow	39	Litany of Lightblind Wrath	249808	298:372646
priest	shadow	40	Venomous Gladiator's Sigil of Adaptation	270604	315:372496
priest	shadow	41	Venomous Gladiator's Medallion	270605	315:372374
priest	shadow	42	Eye of the Drowning Void	250257	298:371989
priest	shadow	43	Venomous Gladiator's Emblem	270606	315:371974
priest	shadow	44	Nevermelting Ice Crystal	50259	298:371031
priest	shadow	45	Gloom-Spattered Dreadscale	249339	298:369909
priest	shadow	46	Voracious Heart of Ula'tek	270175	292:365986,295:365778,305:366462,315:366715,321:367344,331:367793,344:368420
priest	shadow	47	Preternatural Antivenom	270171	292:365693,295:366026,302:366435,308:366445,315:366959,321:367428,328:367447,334:367812
priest	shadow	48	Idol of the War Loa	250229	292:365979,295:366220,302:366277,308:366509,315:366794,321:367006,328:367425,334:367692
priest	shadow	49	Wraps of Cosmic Madness	249340	298:366144
priest	shadow	50	Soulcoiler Ritual Vessel	270162	292:359420,295:359619,302:360592,308:361817,315:362496,321:363122,328:364410,334:365434
priest	shadow	51	Idol of the Howling Nexus	270174	292:363312,295:363379,302:363661,308:363477,315:364146,321:364681,328:364413,334:364610
priest	shadow	52	Permafrost Essence	250244	292:356547,295:356428,302:356862,308:356738,315:356427,321:356532,328:356236,334:356438
rogue	assassination	0	baseline	-	292:274677
rogue	assassination	1	Voracious Heart of Ula'tek	270175	292:295886,295:296315,305:298000,315:300083,321:301283,331:303442,344:306684
rogue	assassination	2	Keeper's Seething Core	270165	292:296249,295:296814,302:297780,308:298560,315:299812,321:301115,328:302574,334:303157
rogue	assassination	3	Zul'jin's Guillotine Technique	270173	292:289924,295:290577,305:292349,315:294482,321:295964,331:297971,344:301315
rogue	assassination	4	Void Execution Mandate	250225	292:294415,295:294566,302:295871,308:296610,315:298122,321:299058,328:300215,334:301080
rogue	assassination	5	Algeth'ar Puzzle Box	193701	298:300745
rogue	assassination	6	Vile Vial of Volatile Venom	273796	292:294249,295:294753,302:295439,308:296462,315:297872,321:298538,328:299949,334:300436
rogue	assassination	7	Gebbo's Bottomless Bag	270164	292:293449,295:293929,302:295156,308:296085,315:296770,321:298059,328:299583,334:300237
rogue	assassination	8	Darkmoon Dominion: Hunt	246304	292:294128,298:294952,305:296149,311:296879,318:298153,324:299199,331:300182
rogue	assassination	9	Lustrous Golden Plumage	159617	292:293052,295:293733,302:294811,308:295414,315:296079,321:297469,328:298489,334:299533
rogue	assassination	10	Thalassian Competitor's Insignia of Alacrity	245752	292:293458,298:294395,305:295260,311:296237,318:297280,324:297987,331:299263
rogue	assassination	11	Freightrunner's Flask	250215	292:292794,295:293187,302:294039,308:295028,315:295794,321:296998,328:298221,334:299178
rogue	assassination	12	Font of Venomous Rage	270168	292:288924,295:289550,305:291378,315:293264,321:294028,331:296582,344:298814
rogue	assassination	13	Darkmoon Dominion: Blood	246305	292:292219,298:293235,305:294172,311:294884,318:295878,324:296789,331:298115
rogue	assassination	14	Tumor of the Swarm	250245	292:289107,295:289672,302:290820,308:292284,315:293314,321:294498,328:296040,334:297765
rogue	assassination	15	Lightspire Core	250214	292:292037,295:292130,302:293286,308:293727,315:295027,321:295815,328:297233,334:297660
rogue	assassination	16	Tattered Amani War Banner	273797	292:291352,295:291791,302:292942,308:293673,315:294640,321:295246,328:296299,334:297398
rogue	assassination	17	Resonant Bellowstone	250228	292:291609,295:291871,302:293023,308:293329,315:294582,321:295667,328:296840,334:297388
rogue	assassination	18	Magister's Alchemist Stone	241340	292:291407,298:292011,305:292982,311:293940,318:294678,324:295649,331:297186
rogue	assassination	19	Vashnik's Sanguine Rancor	270166	292:288725,295:289533,302:290907,308:291538,315:293111,321:294028,328:296053,334:297119
rogue	assassination	20	Tiny Electromental in a Jar	158374	292:289065,295:289525,302:290814,308:291861,315:292891,321:294401,328:296072,334:297034
rogue	assassination	21	Venomous Gladiator's Insignia of Alacrity	270603	315:296767
rogue	assassination	22	Darkmoon Dominion: Void	246307	292:290990,298:291707,305:292723,311:293702,318:294650,324:295467,331:296648
rogue	assassination	23	Ruby Whelp Shell [Haste]	193757	292:290537,295:290956,302:292124,308:293028,315:293777,321:294640,328:295543,334:296481
rogue	assassination	24	Umbral Plume	260235	298:295986
rogue	assassination	25	Ruby Whelp Shell [Crit]	193757	292:290019,295:290292,302:291359,308:292272,315:293080,321:293978,328:294832,334:295855
rogue	assassination	26	Emberwing Feather	250144	298:295454
rogue	assassination	27	Sapling of the Dawnroot	250259	292:287828,295:288581,302:289365,308:290628,315:291654,321:292524,328:294185,334:295424
rogue	assassination	28	Radiant Plume	249806	298:294734
rogue	assassination	29	Light Company Guidon	249344	298:294597
rogue	assassination	30	Gaze of the Alnseer	249343	298:294448
rogue	assassination	31	Heart of Wind	250256	298:294199
rogue	assassination	32	Solarflare Prism	252420	298:293596
rogue	assassination	33	Ruby Whelp Shell [Aoe]	193757	292:287356,295:287358,302:288721,308:289390,315:290315,321:291148,328:292302,334:293509
rogue	assassination	34	Ruby Whelp Shell [St]	193757	292:287109,295:287318,302:288156,308:288667,315:289899,321:290348,328:292089,334:292840
rogue	assassination	35	Ranger-Captain's Iridescent Insignia	249345	298:292567
rogue	assassination	36	Venomous Gladiator's Badge of Ferocity	270602	315:292244
rogue	assassination	37	Darkmoon Dominion: Rot	246306	292:285846,298:286472,305:287776,311:288180,318:289004,324:289839,331:291041
rogue	assassination	38	Undreamt God's Oozing Vestige	249805	298:290071
rogue	assassination	39	Latch's Crooked Hook	250226	298:290052
rogue	assassination	40	Manaheart's Binding Flame	250243	292:284845,295:285089,302:285801,308:286568,315:287137,321:288012,328:288856,334:289717
rogue	assassination	41	Void Stalker's Contract	151307	298:289503
rogue	assassination	42	First Mate's Shellward	270160	292:285012,295:285364,302:286125,308:286580,315:287233,321:287960,328:288785,334:289457
rogue	assassination	43	Mchimba's Ritual Bandages	159618	292:284662,295:285304,302:286198,308:286368,315:287350,321:288270,328:288718,334:289441
rogue	assassination	44	Kroluk's Warbanner	250227	298:288113
rogue	assassination	45	Gloom-Spattered Dreadscale	249339	298:287887
rogue	assassination	46	Eye of the Drowning Void	250257	298:287241
rogue	assassination	47	Venomous Gladiator's Emblem	270606	315:287233
rogue	assassination	48	Venomous Gladiator's Medallion	270605	315:287181
rogue	assassination	49	Venomous Gladiator's Sigil of Adaptation	270604	315:286914
rogue	assassination	50	Vessel of Tortured Souls	250258	298:286162
rogue	assassination	51	Hex Lord's Dooming Idol	270169	292:283581,295:284031,305:284112,315:284527,321:284932,331:285451,344:286077
rogue	assassination	52	Jelly Replicator	250242	298:285707
rogue	assassination	53	Rotting Globule	252421	298:285645
rogue	assassination	54	Ampoule of Pure Void	151312	298:285600
rogue	assassination	55	Wavecaller's Seastone	270167	292:283735,295:283891,302:284058,308:284332,315:284642,321:284899,328:285128,334:285416
rogue	assassination	56	The Eternal Egg	249807	298:285346
rogue	assassination	57	Idol of the War Loa	250229	292:282966,295:283030,302:283346,308:283488,315:283578,321:283643,328:284364,334:284420
rogue	assassination	58	Preternatural Antivenom	270171	292:282684,295:283267,302:283280,308:283624,315:283761,321:283865,328:284092,334:284230
rogue	assassination	59	Mindpiercer's Sigil	250224	292:279831,295:279928,302:280609,308:281173,315:281711,321:282458,328:283040,334:283840
rogue	assassination	60	Idol of the Howling Nexus	270174	292:281531,295:281753,302:282077,308:282264,315:282202,321:282838,328:282967,334:283006
rogue	assassination	61	Locus-Walker's Ribbon	249809	298:281928
rogue	assassination	62	Permafrost Essence	250244	292:274921,295:274927,302:274710,308:275088,315:275017,321:274980,328:275109,334:274986
rogue	outlaw	0	baseline	-	292:336290
rogue	outlaw	1	Zul'jin's Guillotine Technique	270173	292:361262,295:361977,305:364581,315:368113,321:369962,331:373757,344:378823
rogue	outlaw	2	Voracious Heart of Ula'tek	270175	292:357948,295:358364,305:360552,315:362562,321:363982,331:366476,344:369464
rogue	outlaw	3	Keeper's Seething Core	270165	292:359198,295:360009,302:361291,308:362608,315:363410,321:364858,328:366439,334:367377
rogue	outlaw	4	Void Execution Mandate	250225	292:356624,295:357683,302:358634,308:359485,315:360930,321:362030,328:363615,334:364546
rogue	outlaw	5	Gebbo's Bottomless Bag	270164	292:355916,295:356748,302:357726,308:358918,315:360030,321:360804,328:362296,334:363911
rogue	outlaw	6	Thalassian Competitor's Insignia of Alacrity	245752	292:356440,298:357470,305:358340,311:359638,318:360763,324:361659,331:362930
rogue	outlaw	7	Freightrunner's Flask	250215	292:355871,295:355956,302:356911,308:358231,315:359140,321:360180,328:361804,334:362806
rogue	outlaw	8	Lustrous Golden Plumage	159617	292:355275,295:356158,302:357036,308:358349,315:359312,321:360321,328:361689,334:362646
rogue	outlaw	9	Darkmoon Dominion: Hunt	246304	292:355797,298:356718,305:357810,311:358585,318:359812,324:361019,331:362200
rogue	outlaw	10	Magister's Alchemist Stone	241340	292:354814,298:355767,305:356731,311:357624,318:359337,324:360132,331:361718
rogue	outlaw	11	Vile Vial of Volatile Venom	273796	292:354544,295:355122,302:355906,308:356877,315:357880,321:359252,328:360181,334:361596
rogue	outlaw	12	Darkmoon Dominion: Void	246307	292:354668,298:355748,305:356857,311:357782,318:358664,324:359877,331:361477
rogue	outlaw	13	Resonant Bellowstone	250228	292:354345,295:354673,302:355914,308:357127,315:358148,321:359105,328:360797,334:361174
rogue	outlaw	14	Darkmoon Dominion: Blood	246305	292:354544,298:355237,305:356518,311:357518,318:358462,324:359841,331:361104
rogue	outlaw	15	Ruby Whelp Shell [Haste]	193757	292:353493,295:354054,302:354951,308:355919,315:357122,321:358496,328:359742,334:360767
rogue	outlaw	16	Tattered Amani War Banner	273797	292:353620,295:354220,302:355364,308:356225,315:357271,321:358051,328:359386,334:360680
rogue	outlaw	17	Tumor of the Swarm	250245	292:352005,295:352542,302:353558,308:354964,315:356472,321:357568,328:359629,334:360678
rogue	outlaw	18	Vashnik's Sanguine Rancor	270166	292:351898,295:352250,302:353375,308:354800,315:356486,321:357174,328:359116,334:360594
rogue	outlaw	19	Tiny Electromental in a Jar	158374	292:351415,295:352240,302:353462,308:354450,315:356008,321:357009,328:359052,334:360287
rogue	outlaw	20	Lightspire Core	250214	292:352750,295:353226,302:354562,308:355323,315:356449,321:357139,328:359031,334:359862
rogue	outlaw	21	Venomous Gladiator's Insignia of Alacrity	270603	315:359853
rogue	outlaw	22	Ruby Whelp Shell [Crit]	193757	292:353202,295:353250,302:354656,308:355179,315:356222,321:357596,328:359092,334:359818
rogue	outlaw	23	Umbral Plume	260235	298:359358
rogue	outlaw	24	Sapling of the Dawnroot	250259	292:350841,295:351484,302:352741,308:353592,315:354629,321:356058,328:357544,334:358773
rogue	outlaw	25	Heart of Wind	250256	298:357736
rogue	outlaw	26	Light Company Guidon	249344	298:357437
rogue	outlaw	27	Ruby Whelp Shell [Aoe]	193757	292:350105,295:350705,302:351504,308:352421,315:353330,321:354875,328:355941,334:357333
rogue	outlaw	28	Solarflare Prism	252420	298:356768
rogue	outlaw	29	Gaze of the Alnseer	249343	298:356639
rogue	outlaw	30	Ruby Whelp Shell [St]	193757	292:349624,295:350453,302:350995,308:352105,315:353157,321:354200,328:355337,334:356612
rogue	outlaw	31	Emberwing Feather	250144	298:356189
rogue	outlaw	32	Venomous Gladiator's Badge of Ferocity	270602	315:356087
rogue	outlaw	33	Algeth'ar Puzzle Box	193701	298:355961
rogue	outlaw	34	Darkmoon Dominion: Rot	246306	292:349112,298:349763,305:351070,311:352001,318:353118,324:354101,331:355709
rogue	outlaw	35	Ranger-Captain's Iridescent Insignia	249345	298:355600
rogue	outlaw	36	Radiant Plume	249806	298:355547
rogue	outlaw	37	Font of Venomous Rage	270168	292:345420,295:346159,305:347258,315:348664,321:349542,331:351322,344:353718
rogue	outlaw	38	Mchimba's Ritual Bandages	159618	292:347964,295:348081,302:349321,308:349864,315:351019,321:351486,328:352637,334:353693
rogue	outlaw	39	First Mate's Shellward	270160	292:348106,295:348673,302:349153,308:349789,315:350400,321:351753,328:352679,334:353503
rogue	outlaw	40	Manaheart's Binding Flame	250243	292:347684,295:348054,302:348758,308:349742,315:350657,321:351554,328:352388,334:353436
rogue	outlaw	41	Latch's Crooked Hook	250226	298:353220
rogue	outlaw	42	Void Stalker's Contract	151307	298:352431
rogue	outlaw	43	Undreamt God's Oozing Vestige	249805	298:352248
rogue	outlaw	44	Kroluk's Warbanner	250227	298:351254
rogue	outlaw	45	Eye of the Drowning Void	250257	298:351056
rogue	outlaw	46	Venomous Gladiator's Emblem	270606	315:350913
rogue	outlaw	47	Venomous Gladiator's Medallion	270605	315:350710
rogue	outlaw	48	Venomous Gladiator's Sigil of Adaptation	270604	315:350702
rogue	outlaw	49	Vessel of Tortured Souls	250258	298:349270
rogue	outlaw	50	Ampoule of Pure Void	151312	298:348755
rogue	outlaw	51	Rotting Globule	252421	298:348641
rogue	outlaw	52	Jelly Replicator	250242	298:348535
rogue	outlaw	53	The Eternal Egg	249807	298:348492
rogue	outlaw	54	Gloom-Spattered Dreadscale	249339	298:348441
rogue	outlaw	55	Hex Lord's Dooming Idol	270169	292:345340,295:345368,305:345710,315:345777,321:346168,331:346741,344:347186
rogue	outlaw	56	Wavecaller's Seastone	270167	292:345206,295:345198,302:345817,308:345633,315:345943,321:346382,328:346803,334:347086
rogue	outlaw	57	Preternatural Antivenom	270171	292:343635,295:343973,302:344123,308:344042,315:344579,321:344912,328:344987,334:345600
rogue	outlaw	58	Idol of the War Loa	250229	292:343605,295:343700,302:344108,308:344313,315:344763,321:344544,328:344988,334:345367
rogue	outlaw	59	Idol of the Howling Nexus	270174	292:341196,295:341422,302:341194,308:341769,315:341563,321:341679,328:341895,334:342203
rogue	outlaw	60	Mindpiercer's Sigil	250224	292:339406,295:339546,302:339939,308:340406,315:340619,321:341361,328:341843,334:341970
rogue	outlaw	61	Locus-Walker's Ribbon	249809	298:341169
rogue	outlaw	62	Permafrost Essence	250244	292:336004,295:336197,302:336276,308:336264,315:336095,321:335981,328:336014,334:335781
rogue	subtlety	0	baseline	-	292:381557
rogue	subtlety	1	Voracious Heart of Ula'tek	270175	292:409210,295:409536,305:412131,315:415057,321:416670,331:419768,344:424052
rogue	subtlety	2	Keeper's Seething Core	270165	292:406687,295:406901,302:408497,308:411185,315:412876,321:413806,328:415112,334:417213
rogue	subtlety	3	Zul'jin's Guillotine Technique	270173	292:400215,295:400723,305:402699,315:405439,321:406921,331:409924,344:414464
rogue	subtlety	4	Freightrunner's Flask	250215	292:405750,295:406230,302:407742,308:409001,315:409887,321:411604,328:413059,334:414112
rogue	subtlety	5	Gebbo's Bottomless Bag	270164	292:405074,295:405539,302:406470,308:407344,315:409307,321:410784,328:412297,334:413881
rogue	subtlety	6	Darkmoon Dominion: Blood	246305	292:404291,298:405549,305:406795,311:407946,318:409458,324:410265,331:412505
rogue	subtlety	7	Lustrous Golden Plumage	159617	292:403639,295:404396,302:405515,308:406843,315:408246,321:409495,328:411060,334:412434
rogue	subtlety	8	Darkmoon Dominion: Hunt	246304	292:404128,298:405411,305:407107,311:408061,318:409637,324:410433,331:412431
rogue	subtlety	9	Tattered Amani War Banner	273797	292:404019,295:404842,302:406007,308:407035,315:408424,321:409955,328:411155,334:412167
rogue	subtlety	10	Vile Vial of Volatile Venom	273796	292:402818,295:404261,302:405250,308:406634,315:407606,321:408851,328:410190,334:411721
rogue	subtlety	11	Void Execution Mandate	250225	292:403064,295:403600,302:405009,308:406085,315:407214,321:408578,328:410422,334:411515
rogue	subtlety	12	Darkmoon Dominion: Void	246307	292:403388,298:404388,305:405232,311:406513,318:407921,324:408990,331:410920
rogue	subtlety	13	Thalassian Competitor's Insignia of Alacrity	245752	292:403633,298:404546,305:406291,311:407156,318:408365,324:409614,331:410900
rogue	subtlety	14	Lightspire Core	250214	292:402571,295:403219,302:404091,308:405420,315:406425,321:407961,328:409463,334:410865
rogue	subtlety	15	Magister's Alchemist Stone	241340	292:403038,298:404185,305:405429,311:406548,318:408238,324:409508,331:410756
rogue	subtlety	16	Vashnik's Sanguine Rancor	270166	292:398994,295:399633,302:401415,308:402118,315:403534,321:405347,328:406993,334:409014
rogue	subtlety	17	Resonant Bellowstone	250228	292:400952,295:401663,302:403198,308:403253,315:405231,321:405868,328:407448,334:408790
rogue	subtlety	18	Tumor of the Swarm	250245	292:398632,295:398764,302:400681,308:401550,315:403053,321:405034,328:406921,334:408012
rogue	subtlety	19	Venomous Gladiator's Insignia of Alacrity	270603	315:407847
rogue	subtlety	20	Tiny Electromental in a Jar	158374	292:398309,295:398797,302:399976,308:401351,315:402761,321:404564,328:406018,334:407778
rogue	subtlety	21	Light Company Guidon	249344	298:407621
rogue	subtlety	22	Heart of Wind	250256	298:406506
rogue	subtlety	23	Sapling of the Dawnroot	250259	292:398008,295:398372,302:399327,308:401220,315:402209,321:403428,328:405400,334:406456
rogue	subtlety	24	Gaze of the Alnseer	249343	298:406124
rogue	subtlety	25	Radiant Plume	249806	298:406053
rogue	subtlety	26	Umbral Plume	260235	298:405781
rogue	subtlety	27	Algeth'ar Puzzle Box	193701	298:405630
rogue	subtlety	28	Venomous Gladiator's Badge of Ferocity	270602	315:404081
rogue	subtlety	29	Ruby Whelp Shell [Haste]	193757	292:396845,295:397256,302:398529,308:399370,315:401076,321:401338,328:403109,334:404030
rogue	subtlety	30	Font of Venomous Rage	270168	292:395003,295:395688,305:396944,315:398622,321:399221,331:401174,344:403916
rogue	subtlety	31	Emberwing Feather	250144	298:403274
rogue	subtlety	32	Ruby Whelp Shell [Crit]	193757	292:396597,295:397053,302:398008,308:399407,315:399813,321:400861,328:402635,334:403263
rogue	subtlety	33	Solarflare Prism	252420	298:403173
rogue	subtlety	34	Ruby Whelp Shell [Aoe]	193757	292:395760,295:396394,302:397116,308:397919,315:399032,321:400264,328:401695,334:403070
rogue	subtlety	35	Darkmoon Dominion: Rot	246306	292:395857,298:396921,305:397906,311:399106,318:400207,324:401241,331:402897
rogue	subtlety	36	Ranger-Captain's Iridescent Insignia	249345	298:402721
rogue	subtlety	37	Ruby Whelp Shell [St]	193757	292:395400,295:395876,302:397120,308:398078,315:399182,321:399970,328:401182,334:402629
rogue	subtlety	38	Mchimba's Ritual Bandages	159618	292:394748,295:395306,302:396202,308:397367,315:398061,321:399405,328:400419,334:401552
rogue	subtlety	39	First Mate's Shellward	270160	292:394886,295:395473,302:396159,308:397326,315:398519,321:399104,328:399911,334:401537
rogue	subtlety	40	Manaheart's Binding Flame	250243	292:394977,295:395118,302:396248,308:397423,315:398324,321:399312,328:400529,334:401345
rogue	subtlety	41	Latch's Crooked Hook	250226	298:401094
rogue	subtlety	42	Void Stalker's Contract	151307	298:400378
rogue	subtlety	43	Undreamt God's Oozing Vestige	249805	298:400149
rogue	subtlety	44	Venomous Gladiator's Medallion	270605	315:398560
rogue	subtlety	45	Kroluk's Warbanner	250227	298:398548
rogue	subtlety	46	Venomous Gladiator's Emblem	270606	315:398448
rogue	subtlety	47	Venomous Gladiator's Sigil of Adaptation	270604	315:398287
rogue	subtlety	48	Eye of the Drowning Void	250257	298:397955
rogue	subtlety	49	Jelly Replicator	250242	298:396052
rogue	subtlety	50	The Eternal Egg	249807	298:395918
rogue	subtlety	51	Ampoule of Pure Void	151312	298:395751
rogue	subtlety	52	Rotting Globule	252421	298:395538
rogue	subtlety	53	Vessel of Tortured Souls	250258	298:395523
rogue	subtlety	54	Gloom-Spattered Dreadscale	249339	298:394250
rogue	subtlety	55	Hex Lord's Dooming Idol	270169	292:390048,295:390753,305:391545,315:391784,321:391926,331:392354,344:392631
rogue	subtlety	56	Wavecaller's Seastone	270167	292:390556,295:389918,302:391218,308:391241,315:392107,321:392182,328:391864,334:392360
rogue	subtlety	57	Idol of the Howling Nexus	270174	292:388517,295:388872,302:388999,308:389150,315:389482,321:389923,328:390203,334:390469
rogue	subtlety	58	Preternatural Antivenom	270171	292:388581,295:388763,302:388943,308:388912,315:389261,321:389427,328:390065,334:390000
rogue	subtlety	59	Idol of the War Loa	250229	292:388678,295:388388,302:389072,308:388868,315:389573,321:389476,328:389644,334:389738
rogue	subtlety	60	Locus-Walker's Ribbon	249809	298:389213
rogue	subtlety	61	Mindpiercer's Sigil	250224	292:383102,295:383015,302:383424,308:383782,315:383627,321:384145,328:384160,334:384411
rogue	subtlety	62	Permafrost Essence	250244	292:381217,295:381522,302:380947,308:381101,315:381034,321:381379,328:381127,334:381289
shaman	elemental	0	baseline	-	292:331567
shaman	elemental	1	Freightrunner's Flask	250215	292:354220,295:354715,302:355439,308:356848,315:358184,321:359382,328:361047,334:362023
shaman	elemental	2	Vile Vial of Volatile Venom	273796	292:354081,295:354360,302:356177,308:357070,315:358107,321:359195,328:360590,334:361713
shaman	elemental	3	Darkmoon Dominion: Hunt	246304	292:353275,298:354681,305:355410,311:356992,318:357846,324:358812,331:360846
shaman	elemental	4	Gebbo's Bottomless Bag	270164	292:352599,295:353214,302:353928,308:355321,315:356397,321:357692,328:359179,334:360391
shaman	elemental	5	Wavecaller's Seastone	270167	292:351914,295:352582,302:353788,308:354607,315:355719,321:356810,328:358477,334:359433
shaman	elemental	6	Darkmoon Dominion: Blood	246305	292:351570,298:352701,305:353675,311:355018,318:355994,324:357265,331:359106
shaman	elemental	7	Hex Lord's Dooming Idol	270169	292:349956,295:350387,305:351940,315:353465,321:354269,331:356029,344:358323
shaman	elemental	8	Lightspire Core	250214	292:350950,295:351413,302:352746,308:353414,315:354642,321:355603,328:357271,334:358097
shaman	elemental	9	Darkmoon Dominion: Void	246307	292:350459,298:350933,305:352652,311:353489,318:354581,324:355760,331:357079
shaman	elemental	10	Magister's Alchemist Stone	241340	292:350434,298:351491,305:352029,311:353612,318:354595,324:355742,331:356950
shaman	elemental	11	Thalassian Competitor's Insignia of Alacrity	245752	292:350372,298:351339,305:351970,311:352819,318:354265,324:355230,331:356482
shaman	elemental	12	Mindpiercer's Sigil	250224	292:346636,295:347511,302:348696,308:349982,315:351189,321:352595,328:354404,334:356024
shaman	elemental	13	Ruby Whelp Shell [Crit]	193757	292:349149,295:349290,302:350655,308:351404,315:352624,321:353478,328:354637,334:355854
shaman	elemental	14	Stormbound Emblem of Dazar	273649	292:347771,295:347764,302:349156,308:350192,315:351063,321:352756,328:354045,334:355277
shaman	elemental	15	Ruby Whelp Shell [Haste]	193757	292:348390,295:348939,302:350136,308:350437,315:351972,321:353112,328:354287,334:355271
shaman	elemental	16	Fang of Umbral Malignance	270161	292:346463,295:347147,302:348198,308:349495,315:350613,321:352212,328:353208,334:355040
shaman	elemental	17	Emberwing Feather	250144	298:354637
shaman	elemental	18	Venomous Gladiator's Badge of Ferocity	270602	315:354289
shaman	elemental	19	Knot of Writhing Serpents	273794	292:346385,295:346491,302:347730,308:348791,315:350152,321:351504,328:352586,334:354143
shaman	elemental	20	Vexhul's Everflowing Gland	270170	292:345921,295:346653,302:347571,308:348607,315:349733,321:351133,328:352904,334:354119
shaman	elemental	21	Locus-Walker's Ribbon	249809	298:353919
shaman	elemental	22	Vaelgor's Final Stare	249346	298:353879
shaman	elemental	23	Venomous Gladiator's Insignia of Alacrity	270603	315:353869
shaman	elemental	24	Sapling of the Dawnroot	250259	292:346148,295:346512,302:347636,308:348473,315:349970,321:350878,328:352354,334:353520
shaman	elemental	25	Gaze of the Alnseer	249343	298:352308
shaman	elemental	26	Ruby Whelp Shell [Aoe]	193757	292:345206,295:345797,302:346899,308:347760,315:348657,321:349916,328:351239,334:352219
shaman	elemental	27	Heart of Wind	250256	298:352167
shaman	elemental	28	Shadow of the Empyrean Requiem	249810	298:352028
shaman	elemental	29	Ruby Whelp Shell [St]	193757	292:345149,295:345373,302:346574,308:347263,315:348516,321:349394,328:350862,334:351714
shaman	elemental	30	Font of Venomous Rage	270168	292:342912,295:342880,305:344403,315:345675,321:347140,331:348543,344:350837
shaman	elemental	31	Darkmoon Dominion: Rot	246306	292:344548,298:345348,305:346079,311:347274,318:348298,324:349182,331:350548
shaman	elemental	32	Seed of Radiant Hope	250254	292:343346,295:343706,302:344486,308:345346,315:346243,321:346687,328:348268,334:348893
shaman	elemental	33	Sethraliss' Defiled Relic	158368	292:343251,295:343699,302:344400,308:345417,315:346270,321:346923,328:347945,334:348740
shaman	elemental	34	Mycolic Medicine	250248	292:343378,295:343605,302:344670,308:345173,315:346458,321:346807,328:348138,334:348683
shaman	elemental	35	Unstable Felheart Crystal	250255	292:343286,295:343795,302:344355,308:345211,315:346082,321:346764,328:348335,334:348673
shaman	elemental	36	Reality Breacher	151310	298:347896
shaman	elemental	37	Soulcatcher's Charm	250223	298:347591
shaman	elemental	38	Litany of Lightblind Wrath	249808	298:346538
shaman	elemental	39	Eye of the Drowning Void	250257	298:346232
shaman	elemental	40	Venomous Gladiator's Emblem	270606	315:346056
shaman	elemental	41	Venomous Gladiator's Sigil of Adaptation	270604	315:345908
shaman	elemental	42	Venomous Gladiator's Medallion	270605	315:345891
shaman	elemental	43	Vessel of Tortured Souls	250258	298:345538
shaman	elemental	44	Nevermelting Ice Crystal	50259	298:345153
shaman	elemental	45	Gloom-Spattered Dreadscale	249339	298:344287
shaman	elemental	46	Wraps of Cosmic Madness	249340	298:342987
shaman	elemental	47	Voracious Heart of Ula'tek	270175	292:339808,295:340572,305:340584,315:341283,321:341232,331:341766,344:342703
shaman	elemental	48	Preternatural Antivenom	270171	292:340189,295:340308,302:340735,308:340655,315:341380,321:341504,328:341532,334:342317
shaman	elemental	49	Idol of the War Loa	250229	292:340120,295:340234,302:340710,308:341186,315:341422,321:341496,328:341797,334:341927
shaman	elemental	50	Soulcoiler Ritual Vessel	270162	292:336147,295:336250,302:337369,308:338165,315:338859,321:339877,328:340668,334:341903
shaman	elemental	51	Idol of the Howling Nexus	270174	292:338862,295:339061,302:339379,308:339813,315:339886,321:340181,328:340205,334:340768
shaman	elemental	52	Permafrost Essence	250244	292:331569,295:331684,302:331424,308:331635,315:331646,321:331441,328:331725,334:331729
shaman	enhancement	0	baseline	-	292:386819
shaman	enhancement	1	Zul'jin's Guillotine Technique	270173	292:412716,295:413532,305:415994,315:419198,321:421322,331:425153,344:430491
shaman	enhancement	2	Voracious Heart of Ula'tek	270175	292:415171,295:415869,305:418279,315:420845,321:422791,331:425510,344:429757
shaman	enhancement	3	Vile Vial of Volatile Venom	273796	292:415487,295:416421,302:417377,308:418634,315:419993,321:421665,328:423289,334:424757
shaman	enhancement	4	Void Execution Mandate	250225	292:414023,295:414593,302:416206,308:417691,315:419150,321:420628,328:422456,334:423672
shaman	enhancement	5	Lustrous Golden Plumage	159617	292:413075,295:414037,302:415229,308:417176,315:418014,321:419211,328:421232,334:422644
shaman	enhancement	6	Darkmoon Dominion: Hunt	246304	292:413191,298:414755,305:416857,311:417504,318:419292,324:420802,331:422633
shaman	enhancement	7	Freightrunner's Flask	250215	292:413213,295:413843,302:415364,308:415992,315:418569,321:419301,328:420508,334:422451
shaman	enhancement	8	Keeper's Seething Core	270165	292:412317,295:412943,302:414829,308:415873,315:417111,321:419310,328:420554,334:422228
shaman	enhancement	9	Algeth'ar Puzzle Box	193701	298:422174
shaman	enhancement	10	Lightspire Core	250214	292:412070,295:412266,302:413809,308:415073,315:416444,321:418226,328:419772,334:420969
shaman	enhancement	11	Gebbo's Bottomless Bag	270164	292:412055,295:412511,302:414395,308:415025,315:416645,321:417997,328:419820,334:420809
shaman	enhancement	12	Tattered Amani War Banner	273797	292:410613,295:411623,302:412677,308:414051,315:414984,321:416726,328:418394,334:419727
shaman	enhancement	13	Darkmoon Dominion: Blood	246305	292:411197,298:412122,305:413719,311:414644,318:416453,324:417612,331:419092
shaman	enhancement	14	Radiant Plume	249806	298:417812
shaman	enhancement	15	Thalassian Competitor's Insignia of Alacrity	245752	292:409814,298:410783,305:412164,311:413024,318:414232,324:415732,331:417237
shaman	enhancement	16	Magister's Alchemist Stone	241340	292:409251,298:410143,305:411648,311:412359,318:414136,324:415502,331:417220
shaman	enhancement	17	Darkmoon Dominion: Void	246307	292:409062,298:410041,305:411678,311:412656,318:414053,324:415613,331:417036
shaman	enhancement	18	Resonant Bellowstone	250228	292:407846,295:408207,302:409608,308:410649,315:411937,321:413644,328:415174,334:415922
shaman	enhancement	19	Gaze of the Alnseer	249343	298:415443
shaman	enhancement	20	Umbral Plume	260235	298:414715
shaman	enhancement	21	Venomous Gladiator's Insignia of Alacrity	270603	315:414135
shaman	enhancement	22	Ruby Whelp Shell [Haste]	193757	292:405887,295:406966,302:407838,308:409217,315:409800,321:411178,328:412539,334:414037
shaman	enhancement	23	Tumor of the Swarm	250245	292:404305,295:404899,302:406260,308:407696,315:409419,321:410342,328:412430,334:413953
shaman	enhancement	24	Ruby Whelp Shell [Crit]	193757	292:405924,295:406425,302:407668,308:408825,315:410012,321:410974,328:412484,334:413703
shaman	enhancement	25	Vashnik's Sanguine Rancor	270166	292:404250,295:404261,302:406358,308:407515,315:408796,321:410044,328:412317,334:413543
shaman	enhancement	26	Tiny Electromental in a Jar	158374	292:403734,295:404603,302:405826,308:407122,315:408968,321:410169,328:412233,334:413160
shaman	enhancement	27	Light Company Guidon	249344	298:412503
shaman	enhancement	28	Emberwing Feather	250144	298:412264
shaman	enhancement	29	Sapling of the Dawnroot	250259	292:403229,295:403932,302:404982,308:406400,315:407922,321:408823,328:410608,334:412120
shaman	enhancement	30	Font of Venomous Rage	270168	292:401774,295:402088,305:403542,315:405422,321:406299,331:408372,344:411331
shaman	enhancement	31	Venomous Gladiator's Badge of Ferocity	270602	315:411298
shaman	enhancement	32	Heart of Wind	250256	298:411020
shaman	enhancement	33	Ruby Whelp Shell [Aoe]	193757	292:403202,295:403776,302:404451,308:405744,315:406878,321:407648,328:409808,334:410781
shaman	enhancement	34	Ruby Whelp Shell [St]	193757	292:402149,295:402837,302:404423,308:405089,315:406612,321:407527,328:408956,334:410358
shaman	enhancement	35	Solarflare Prism	252420	298:410343
shaman	enhancement	36	Darkmoon Dominion: Rot	246306	292:401623,298:402783,305:403549,311:405115,318:405702,324:407178,331:408858
shaman	enhancement	37	First Mate's Shellward	270160	292:400556,295:400982,302:402097,308:402739,315:404101,321:404591,328:406415,334:407770
shaman	enhancement	38	Ranger-Captain's Iridescent Insignia	249345	298:407566
shaman	enhancement	39	Manaheart's Binding Flame	250243	292:400454,295:401412,302:401979,308:403027,315:403893,321:405028,328:406274,334:407202
shaman	enhancement	40	Mchimba's Ritual Bandages	159618	292:400315,295:401122,302:401841,308:402974,315:403618,321:405325,328:406473,334:407120
shaman	enhancement	41	Latch's Crooked Hook	250226	298:406144
shaman	enhancement	42	Vessel of Tortured Souls	250258	298:406102
shaman	enhancement	43	Undreamt God's Oozing Vestige	249805	298:405147
shaman	enhancement	44	Void Stalker's Contract	151307	298:405086
shaman	enhancement	45	Venomous Gladiator's Emblem	270606	315:404323
shaman	enhancement	46	Venomous Gladiator's Sigil of Adaptation	270604	315:404164
shaman	enhancement	47	Venomous Gladiator's Medallion	270605	315:404076
shaman	enhancement	48	Kroluk's Warbanner	250227	298:403802
shaman	enhancement	49	Eye of the Drowning Void	250257	298:403250
shaman	enhancement	50	The Eternal Egg	249807	298:401624
shaman	enhancement	51	Rotting Globule	252421	298:401594
shaman	enhancement	52	Ampoule of Pure Void	151312	298:401552
shaman	enhancement	53	Jelly Replicator	250242	298:401528
shaman	enhancement	54	Idol of the Howling Nexus	270174	292:397747,295:397822,302:398415,308:398699,315:399388,321:399621,328:399724,334:400140
shaman	enhancement	55	Gloom-Spattered Dreadscale	249339	298:400034
shaman	enhancement	56	Hex Lord's Dooming Idol	270169	292:396853,295:396686,305:397408,315:397773,321:398154,331:398251,344:399047
shaman	enhancement	57	Wavecaller's Seastone	270167	292:396353,295:396927,302:397183,308:397155,315:398137,321:398080,328:398529,334:398875
shaman	enhancement	58	Locus-Walker's Ribbon	249809	298:398127
shaman	enhancement	59	Preternatural Antivenom	270171	292:395370,295:395512,302:396037,308:396107,315:396152,321:396993,328:396681,334:397244
shaman	enhancement	60	Idol of the War Loa	250229	292:395233,295:395271,302:395937,308:396096,315:396588,321:396334,328:396722,334:397037
shaman	enhancement	61	Mindpiercer's Sigil	250224	292:391203,295:391963,302:391996,308:392479,315:393237,321:393914,328:394134,334:394929
shaman	enhancement	62	Permafrost Essence	250244	292:386722,295:386783,302:386800,308:386884,315:386833,321:386821,328:386862,334:386979
warlock	affliction	0	baseline	-	292:347907
warlock	affliction	1	Vile Vial of Volatile Venom	273796	292:369449,295:369814,302:371365,308:372346,315:373268,321:374801,328:375886,334:377361
warlock	affliction	2	Freightrunner's Flask	250215	292:368880,295:369478,302:370540,308:371986,315:372670,321:374099,328:375432,334:376890
warlock	affliction	3	Darkmoon Dominion: Blood	246305	292:369410,298:370800,305:371586,311:372760,318:373935,324:375752,331:376671
warlock	affliction	4	Darkmoon Dominion: Hunt	246304	292:369516,298:370342,305:371386,311:372692,318:373893,324:374876,331:376552
warlock	affliction	5	Stormbound Emblem of Dazar	273649	292:368444,295:368773,302:370515,308:371206,315:372377,321:373727,328:374976,334:376261
warlock	affliction	6	Gebbo's Bottomless Bag	270164	292:368747,295:369059,302:370271,308:370845,315:372264,321:374021,328:375539,334:376155
warlock	affliction	7	Magister's Alchemist Stone	241340	292:368378,298:369599,305:370392,311:371362,318:373136,324:374022,331:375713
warlock	affliction	8	Darkmoon Dominion: Void	246307	292:368742,298:369956,305:371011,311:372000,318:373146,324:374110,331:375466
warlock	affliction	9	Wavecaller's Seastone	270167	292:367571,295:368143,302:369849,308:370330,315:371383,321:372647,328:374285,334:375192
warlock	affliction	10	Vessel of Tortured Souls	250258	298:374652
warlock	affliction	11	Ruby Whelp Shell [Crit]	193757	292:366891,295:367265,302:368474,308:369412,315:370321,321:371516,328:372949,334:374055
warlock	affliction	12	Lightspire Core	250214	292:367092,295:367594,302:368565,308:369662,315:370935,321:371892,328:373298,334:374016
warlock	affliction	13	Mindpiercer's Sigil	250224	292:364604,295:365150,302:366264,308:368073,315:369100,321:370621,328:372374,334:373797
warlock	affliction	14	Hex Lord's Dooming Idol	270169	292:365068,295:365607,305:367005,315:368826,321:369436,331:371374,344:373545
warlock	affliction	15	Fang of Umbral Malignance	270161	292:363909,295:364320,302:365754,308:366712,315:368263,321:369743,328:371132,334:373041
warlock	affliction	16	Ruby Whelp Shell [Haste]	193757	292:365783,295:365926,302:367266,308:367974,315:368780,321:369877,328:371379,334:372667
warlock	affliction	17	Vexhul's Everflowing Gland	270170	292:363860,295:363840,302:365280,308:366720,315:367575,321:369081,328:370904,334:372376
warlock	affliction	18	Thalassian Competitor's Insignia of Alacrity	245752	292:366099,298:366627,305:367825,311:368874,318:369821,324:370999,331:372341
warlock	affliction	19	Gaze of the Alnseer	249343	298:371970
warlock	affliction	20	Knot of Writhing Serpents	273794	292:363344,295:364230,302:365351,308:366362,315:367489,321:368972,328:370141,334:371768
warlock	affliction	21	Ruby Whelp Shell [Aoe]	193757	292:362954,295:363447,302:364489,308:366040,315:366750,321:367839,328:369453,334:370726
warlock	affliction	22	Locus-Walker's Ribbon	249809	298:370527
warlock	affliction	23	Emberwing Feather	250144	298:369982
warlock	affliction	24	Vaelgor's Final Stare	249346	298:369820
warlock	affliction	25	Ruby Whelp Shell [St]	193757	292:362597,295:363624,302:364226,308:365107,315:366376,321:367472,328:368956,334:369721
warlock	affliction	26	Venomous Gladiator's Insignia of Alacrity	270603	315:369663
warlock	affliction	27	Shadow of the Empyrean Requiem	249810	298:368911
warlock	affliction	28	Darkmoon Dominion: Rot	246306	292:361826,298:362888,305:363931,311:364777,318:366101,324:367008,331:368255
warlock	affliction	29	Font of Venomous Rage	270168	292:359397,295:360238,305:361408,315:363059,321:363970,331:365232,344:367772
warlock	affliction	30	Sapling of the Dawnroot	250259	292:361278,295:361245,302:362386,308:363330,315:363900,321:365197,328:366668,334:367683
warlock	affliction	31	Heart of Wind	250256	298:367585
warlock	affliction	32	Seed of Radiant Hope	250254	292:360683,295:360770,302:361921,308:362919,315:363792,321:364393,328:365752,334:366741
warlock	affliction	33	Mycolic Medicine	250248	292:360741,295:361278,302:361834,308:362922,315:363563,321:364343,328:365660,334:366734
warlock	affliction	34	Sethraliss' Defiled Relic	158368	292:360459,295:361067,302:362342,308:362734,315:363702,321:364619,328:365537,334:366411
warlock	affliction	35	Unstable Felheart Crystal	250255	292:360905,295:360947,302:361880,308:362591,315:363519,321:364576,328:365583,334:366403
warlock	affliction	36	Venomous Gladiator's Badge of Ferocity	270602	315:365781
warlock	affliction	37	Soulcatcher's Charm	250223	298:365315
warlock	affliction	38	Litany of Lightblind Wrath	249808	298:364918
warlock	affliction	39	Reality Breacher	151310	298:364806
warlock	affliction	40	Venomous Gladiator's Sigil of Adaptation	270604	315:363468
warlock	affliction	41	Venomous Gladiator's Medallion	270605	315:363433
warlock	affliction	42	Venomous Gladiator's Emblem	270606	315:363271
warlock	affliction	43	Wraps of Cosmic Madness	249340	298:362229
warlock	affliction	44	Nevermelting Ice Crystal	50259	298:362162
warlock	affliction	45	Eye of the Drowning Void	250257	298:361482
warlock	affliction	46	Soulcoiler Ritual Vessel	270162	292:354662,295:355456,302:356458,308:356895,315:357871,321:358514,328:359860,334:360621
warlock	affliction	47	Gloom-Spattered Dreadscale	249339	298:359771
warlock	affliction	48	Preternatural Antivenom	270171	292:355361,295:355470,302:355801,308:356132,315:356560,321:357103,328:356537,334:357434
warlock	affliction	49	Voracious Heart of Ula'tek	270175	292:355216,295:355621,305:356086,315:356255,321:356847,331:356831,344:357062
warlock	affliction	50	Idol of the War Loa	250229	292:355552,295:355578,302:355760,308:356226,315:356373,321:356371,328:357000,334:356660
warlock	affliction	51	Idol of the Howling Nexus	270174	292:354684,295:354665,302:354462,308:355183,315:355142,321:355534,328:355774,334:355919
warlock	affliction	52	Permafrost Essence	250244	292:348100,295:348226,302:348196,308:348255,315:348379,321:348809,328:348263,334:348532
warlock	demonology	0	baseline	-	292:410221
warlock	demonology	1	Vile Vial of Volatile Venom	273796	292:437386,295:438527,302:439558,308:440954,315:442442,321:443848,328:445787,334:446500
warlock	demonology	2	Hex Lord's Dooming Idol	270169	292:434625,295:435309,305:437250,315:439533,321:441273,331:443287,344:446456
warlock	demonology	3	Freightrunner's Flask	250215	292:436318,295:437451,302:438833,308:440322,315:441129,321:443151,328:444555,334:446063
warlock	demonology	4	Wavecaller's Seastone	270167	292:435390,295:436002,302:437739,308:439276,315:440261,321:442307,328:443373,334:445055
warlock	demonology	5	Gebbo's Bottomless Bag	270164	292:435283,295:436385,302:437553,308:438628,315:440220,321:441791,328:443662,334:444918
warlock	demonology	6	Darkmoon Dominion: Blood	246305	292:435918,298:436999,305:438817,311:439846,318:441133,324:442750,331:444598
warlock	demonology	7	Darkmoon Dominion: Hunt	246304	292:436061,298:436543,305:438286,311:439415,318:441173,324:443036,331:444120
warlock	demonology	8	Emberwing Feather	250144	298:443824
warlock	demonology	9	Magister's Alchemist Stone	241340	292:434172,298:435707,305:436929,311:438072,318:439661,324:441304,331:442877
warlock	demonology	10	Darkmoon Dominion: Void	246307	292:433629,298:435435,305:436734,311:437808,318:439457,324:441201,331:442480
warlock	demonology	11	Thalassian Competitor's Insignia of Alacrity	245752	292:434208,298:435143,305:436411,311:437502,318:438911,324:440465,331:442029
warlock	demonology	12	Lightspire Core	250214	292:432304,295:432879,302:434404,308:435143,315:437114,321:438209,328:439669,334:440862
warlock	demonology	13	Venomous Gladiator's Badge of Ferocity	270602	315:440185
warlock	demonology	14	Mindpiercer's Sigil	250224	292:429300,295:429391,302:430899,308:432184,315:433710,321:435484,328:437568,334:439478
warlock	demonology	15	Venomous Gladiator's Insignia of Alacrity	270603	315:438377
warlock	demonology	16	Vexhul's Everflowing Gland	270170	292:428384,295:428117,302:429786,308:430835,315:432730,321:433835,328:436059,334:437176
warlock	demonology	17	Ruby Whelp Shell [Crit]	193757	292:429270,295:429686,302:430497,308:432123,315:433448,321:433874,328:435871,334:436878
warlock	demonology	18	Ruby Whelp Shell [Haste]	193757	292:428967,295:429610,302:430419,308:431447,315:432612,321:434300,328:435620,334:436678
warlock	demonology	19	Locus-Walker's Ribbon	249809	298:436466
warlock	demonology	20	Fang of Umbral Malignance	270161	292:427317,295:427518,302:428806,308:430025,315:431642,321:433347,328:434440,334:436428
warlock	demonology	21	Heart of Wind	250256	298:435898
warlock	demonology	22	Knot of Writhing Serpents	273794	292:426747,295:427646,302:428859,308:430088,315:431126,321:433019,328:434273,334:435786
warlock	demonology	23	Sapling of the Dawnroot	250259	292:426958,295:427397,302:428503,308:429647,315:431522,321:432828,328:434234,334:435415
warlock	demonology	24	Gaze of the Alnseer	249343	298:434847
warlock	demonology	25	Vaelgor's Final Stare	249346	298:434088
warlock	demonology	26	Ruby Whelp Shell [Aoe]	193757	292:425994,295:426330,302:427676,308:428804,315:429545,321:431303,328:432645,334:433943
warlock	demonology	27	Ruby Whelp Shell [St]	193757	292:425777,295:426265,302:427309,308:428466,315:429503,321:430989,328:432309,334:433396
warlock	demonology	28	Darkmoon Dominion: Rot	246306	292:425970,298:426635,305:428109,311:428944,318:430395,324:431162,331:432856
warlock	demonology	29	Shadow of the Empyrean Requiem	249810	298:432784
warlock	demonology	30	Sethraliss' Defiled Relic	158368	292:424797,295:425083,302:426473,308:427366,315:428432,321:429586,328:430437,334:431975
warlock	demonology	31	Mycolic Medicine	250248	292:424826,295:425298,302:425878,308:427049,315:428457,321:429102,328:430518,334:431702
warlock	demonology	32	Unstable Felheart Crystal	250255	292:425625,295:425683,302:426832,308:427476,315:428204,321:429496,328:431259,334:431693
warlock	demonology	33	Seed of Radiant Hope	250254	292:424693,295:425042,302:426135,308:427168,315:428181,321:429439,328:430739,334:431613
warlock	demonology	34	Stormbound Emblem of Dazar	273649	292:424419,295:424516,302:425672,308:426379,315:427405,321:428903,328:429990,334:431092
warlock	demonology	35	Font of Venomous Rage	270168	292:422908,295:423428,305:425047,315:425712,321:427013,331:428385,344:430887
warlock	demonology	36	Reality Breacher	151310	298:428968
warlock	demonology	37	Soulcatcher's Charm	250223	298:428343
warlock	demonology	38	Venomous Gladiator's Emblem	270606	315:428256
warlock	demonology	39	Litany of Lightblind Wrath	249808	298:428136
warlock	demonology	40	Venomous Gladiator's Medallion	270605	315:428109
warlock	demonology	41	Venomous Gladiator's Sigil of Adaptation	270604	315:428101
warlock	demonology	42	Eye of the Drowning Void	250257	298:427652
warlock	demonology	43	Soulcoiler Ritual Vessel	270162	292:420200,295:421264,302:421637,308:422494,315:423720,321:424602,328:426259,334:427357
warlock	demonology	44	Nevermelting Ice Crystal	50259	298:426896
warlock	demonology	45	Wraps of Cosmic Madness	249340	298:426751
warlock	demonology	46	Gloom-Spattered Dreadscale	249339	298:424524
warlock	demonology	47	Vessel of Tortured Souls	250258	298:423730
warlock	demonology	48	Voracious Heart of Ula'tek	270175	292:419988,295:420216,305:420637,315:421219,321:421631,331:421990,344:422347
warlock	demonology	49	Idol of the War Loa	250229	292:420225,295:420128,302:420327,308:420590,315:421025,321:421224,328:421911,334:422220
warlock	demonology	50	Preternatural Antivenom	270171	292:420000,295:419931,302:420862,308:420900,315:421447,321:421559,328:421828,334:421865
warlock	demonology	51	Idol of the Howling Nexus	270174	292:417678,295:417786,302:417979,308:418800,315:418668,321:418807,328:419263,334:418932
warlock	demonology	52	Permafrost Essence	250244	292:410381,295:410076,302:410336,308:410300,315:410249,321:410310,328:410504,334:409709
warlock	destruction	0	baseline	-	292:382555
warlock	destruction	1	Gebbo's Bottomless Bag	270164	292:406319,295:406916,302:407864,308:408747,315:410544,321:411757,328:413567,334:415063
warlock	destruction	2	Darkmoon Dominion: Blood	246305	292:406893,298:408274,305:409303,311:410484,318:411731,324:413147,331:414890
warlock	destruction	3	Darkmoon Dominion: Hunt	246304	292:405999,298:407956,305:409165,311:410232,318:411537,324:412806,331:414466
warlock	destruction	4	Freightrunner's Flask	250215	292:405337,295:406017,302:407408,308:408356,315:410013,321:411340,328:412531,334:414188
warlock	destruction	5	Darkmoon Dominion: Void	246307	292:405199,298:406464,305:407704,311:408576,318:410341,324:411439,331:413548
warlock	destruction	6	Wavecaller's Seastone	270167	292:404629,295:405420,302:406747,308:407821,315:409225,321:410788,328:412390,334:413543
warlock	destruction	7	Magister's Alchemist Stone	241340	292:405062,298:406790,305:407842,311:408929,318:410484,324:411962,331:413152
warlock	destruction	8	Vile Vial of Volatile Venom	273796	292:404155,295:404758,302:406033,308:406888,315:408628,321:409471,328:410826,334:412376
warlock	destruction	9	Lightspire Core	250214	292:403075,295:403793,302:404592,308:406238,315:407369,321:408419,328:409835,334:411368
warlock	destruction	10	Mindpiercer's Sigil	250224	292:400567,295:401012,302:402829,308:403814,315:405933,321:407454,328:409089,334:410888
warlock	destruction	11	Thalassian Competitor's Insignia of Alacrity	245752	292:403117,298:404031,305:405261,311:406206,318:407616,324:408575,331:410239
warlock	destruction	12	Hex Lord's Dooming Idol	270169	292:401596,295:401411,305:403000,315:404351,321:405673,331:407710,344:409918
warlock	destruction	13	Vexhul's Everflowing Gland	270170	292:399812,295:400229,302:401360,308:403099,315:404104,321:405159,328:406901,334:408823
warlock	destruction	14	Knot of Writhing Serpents	273794	292:399462,295:399888,302:401303,308:402537,315:403664,321:404979,328:406460,334:408421
warlock	destruction	15	Fang of Umbral Malignance	270161	292:399420,295:400262,302:401128,308:402521,315:403782,321:405094,328:406785,334:408265
warlock	destruction	16	Ruby Whelp Shell [Crit]	193757	292:400539,295:400499,302:401520,308:402747,315:404122,321:405135,328:406273,334:407647
warlock	destruction	17	Sapling of the Dawnroot	250259	292:398992,295:399421,302:400810,308:401676,315:403307,321:404293,328:406118,334:407548
warlock	destruction	18	Locus-Walker's Ribbon	249809	298:407157
warlock	destruction	19	Stormbound Emblem of Dazar	273649	292:398782,295:399287,302:400289,308:401790,315:403319,321:404584,328:406138,334:407153
warlock	destruction	20	Venomous Gladiator's Insignia of Alacrity	270603	315:406807
warlock	destruction	21	Ruby Whelp Shell [Haste]	193757	292:399128,295:399692,302:400405,308:402101,315:402893,321:404111,328:405634,334:406313
warlock	destruction	22	Emberwing Feather	250144	298:406007
warlock	destruction	23	Venomous Gladiator's Badge of Ferocity	270602	315:405664
warlock	destruction	24	Gaze of the Alnseer	249343	298:405456
warlock	destruction	25	Ruby Whelp Shell [Aoe]	193757	292:397530,295:398195,302:399480,308:400379,315:401246,321:402580,328:404181,334:405344
warlock	destruction	26	Shadow of the Empyrean Requiem	249810	298:405063
warlock	destruction	27	Ruby Whelp Shell [St]	193757	292:397592,295:398065,302:399173,308:400252,315:401569,321:402238,328:403316,334:404901
warlock	destruction	28	Darkmoon Dominion: Rot	246306	292:397470,298:398630,305:399902,311:400931,318:402194,324:403468,331:404481
warlock	destruction	29	Heart of Wind	250256	298:404189
warlock	destruction	30	Vaelgor's Final Stare	249346	298:403746
warlock	destruction	31	Unstable Felheart Crystal	250255	292:397058,295:397718,302:398328,308:399283,315:400523,321:401039,328:402658,334:403651
warlock	destruction	32	Sethraliss' Defiled Relic	158368	292:396275,295:396954,302:398014,308:398754,315:400498,321:401104,328:402128,334:403347
warlock	destruction	33	Seed of Radiant Hope	250254	292:396571,295:396950,302:397679,308:398721,315:399794,321:401189,328:402068,334:403213
warlock	destruction	34	Mycolic Medicine	250248	292:396093,295:396838,302:398025,308:399291,315:400071,321:400679,328:402044,334:403183
warlock	destruction	35	Font of Venomous Rage	270168	292:394067,295:394322,305:395540,315:396817,321:397785,331:399051,344:401727
warlock	destruction	36	Reality Breacher	151310	298:401395
warlock	destruction	37	Soulcatcher's Charm	250223	298:400916
warlock	destruction	38	Litany of Lightblind Wrath	249808	298:400537
warlock	destruction	39	Venomous Gladiator's Medallion	270605	315:400306
warlock	destruction	40	Venomous Gladiator's Emblem	270606	315:399947
warlock	destruction	41	Venomous Gladiator's Sigil of Adaptation	270604	315:399569
warlock	destruction	42	Eye of the Drowning Void	250257	298:399561
warlock	destruction	43	Nevermelting Ice Crystal	50259	298:398512
warlock	destruction	44	Soulcoiler Ritual Vessel	270162	292:390627,295:390895,302:391561,308:392362,315:393935,321:394458,328:395758,334:397069
warlock	destruction	45	Wraps of Cosmic Madness	249340	298:396944
warlock	destruction	46	Gloom-Spattered Dreadscale	249339	298:396944
warlock	destruction	47	Vessel of Tortured Souls	250258	298:395102
warlock	destruction	48	Voracious Heart of Ula'tek	270175	292:392477,295:392265,305:392556,315:393558,321:393080,331:394361,344:394517
warlock	destruction	49	Idol of the War Loa	250229	292:392121,295:392398,302:392734,308:392931,315:393567,321:393548,328:394020,334:393814
warlock	destruction	50	Preternatural Antivenom	270171	292:392386,295:392225,302:392610,308:392854,315:393188,321:393480,328:393794,334:393996
warlock	destruction	51	Idol of the Howling Nexus	270174	292:389138,295:389656,302:389672,308:389692,315:390042,321:389918,328:390379,334:390072
warlock	destruction	52	Permafrost Essence	250244	292:382516,295:382534,302:382521,308:382847,315:383004,321:383115,328:382610,334:382734
warrior	protection	0	baseline	-	292:221347
warrior	protection	1	Zul'jin's Guillotine Technique	270173	292:236403,295:236919,305:238889,315:240539,321:241956,331:243906,344:247474
warrior	protection	2	Merektha's Fang	158367	292:232557,295:233041,302:234440,308:235600,315:237216,321:238627,328:240546,334:242277
warrior	protection	3	Voracious Heart of Ula'tek	270175	292:234981,295:235255,305:236592,315:237649,321:238653,331:239931,344:242273
warrior	protection	4	Tumor of the Swarm	250245	292:232328,295:232663,302:233425,308:234342,315:235491,321:236337,328:237683,334:238921
warrior	protection	5	Darkmoon Dominion: Blood	246305	292:234244,298:235214,305:235541,311:236398,318:236920,324:237771,331:238729
warrior	protection	6	Darkmoon Dominion: Hunt	246304	292:234328,298:234797,305:235651,311:236099,318:236938,324:237838,331:238537
warrior	protection	7	Gebbo's Bottomless Bag	270164	292:233954,295:234262,302:234916,308:235616,315:236390,321:237159,328:237887,334:238512
warrior	protection	8	Keeper's Seething Core	270165	292:233818,295:234219,302:234842,308:235365,315:236257,321:236977,328:237734,334:238257
warrior	protection	9	Magister's Alchemist Stone	241340	292:233488,298:234208,305:234747,311:235553,318:236139,324:237095,331:238197
warrior	protection	10	Darkmoon Dominion: Void	246307	292:233564,298:234022,305:235104,311:235562,318:236171,324:237068,331:237794
warrior	protection	11	Vile Vial of Volatile Venom	273796	292:233016,295:233310,302:233615,308:234617,315:235202,321:235946,328:236532,334:237172
warrior	protection	12	Resonant Bellowstone	250228	292:232573,295:233075,302:233526,308:233887,315:234594,321:235518,328:236337,334:236904
warrior	protection	13	Thalassian Competitor's Insignia of Alacrity	245752	292:232741,298:233103,305:233796,311:234776,318:235321,324:235889,331:236440
warrior	protection	14	Ruby Whelp Shell [Crit]	193757	292:232182,295:232270,302:232727,308:233501,315:233931,321:234720,328:235745,334:236319
warrior	protection	15	Seed of the Devouring Wild	250238	292:231398,295:231772,302:232440,308:232820,315:233748,321:234646,328:235419,334:236107
warrior	protection	16	Idol of the War Loa	250229	292:233213,295:233528,302:234313,308:234074,315:234529,321:235171,328:235609,334:235827
warrior	protection	17	Tattered Amani War Banner	273797	292:231733,295:231639,302:232471,308:232882,315:233593,321:234300,328:235016,334:235597
warrior	protection	18	Ruby Whelp Shell [Haste]	193757	292:231422,295:231637,302:232343,308:232997,315:233222,321:234241,328:234966,334:235594
warrior	protection	19	Heart of Ancient Hunger	249342	298:235514
warrior	protection	20	Sapling of the Dawnroot	250259	292:230401,295:230544,302:231394,308:232039,315:232841,321:233474,328:234359,334:235393
warrior	protection	21	Umbral Plume	260235	298:235301
warrior	protection	22	Blazebinder's Hoof	193762	292:231262,295:231485,302:232301,308:232733,315:233416,321:233713,328:234166,334:235058
warrior	protection	23	Ruby Whelp Shell [Aoe]	193757	292:230550,295:230657,302:231447,308:232020,315:232941,321:233655,328:234316,334:235053
warrior	protection	24	Radiant Plume	249806	298:235005
warrior	protection	25	Algeth'ar Puzzle Box	193701	298:234791
warrior	protection	26	Venomous Gladiator's Insignia of Alacrity	270603	315:234758
warrior	protection	27	Ruby Whelp Shell [St]	193757	292:229833,295:230492,302:231030,308:231563,315:232322,321:232805,328:234007,334:234465
warrior	protection	28	Venomous Gladiator's Badge of Ferocity	270602	315:234293
warrior	protection	29	Gaze of the Alnseer	249343	298:233957
warrior	protection	30	Solarflare Prism	252420	298:233900
warrior	protection	31	Darkmoon Dominion: Rot	246306	292:229927,298:230352,305:231115,311:231550,318:232274,324:233041,331:233866
warrior	protection	32	Font of Venomous Rage	270168	292:228951,295:229032,305:229970,315:230884,321:231299,331:232278,344:233686
warrior	protection	33	Heart of Wind	250256	298:233326
warrior	protection	34	Light Company Guidon	249344	298:233224
warrior	protection	35	Void Stalker's Contract	151307	298:232483
warrior	protection	36	First Mate's Shellward	270160	292:228754,295:229039,302:229430,308:229809,315:230224,321:230838,328:231739,334:232220
warrior	protection	37	Manaheart's Binding Flame	250243	292:228582,295:228823,302:229168,308:229775,315:230298,321:231039,328:231536,334:232156
warrior	protection	38	Sszorak's Ferocity	270163	292:228631,295:228850,302:229422,308:230040,315:230282,321:230991,328:231453,334:232118
warrior	protection	39	Mchimba's Ritual Bandages	159618	292:228752,295:228907,302:229542,308:229700,315:230512,321:230906,328:231463,334:232028
warrior	protection	40	Coiled Fangstone	273795	292:228681,295:228877,302:229303,308:229903,315:230338,321:230935,328:231334,334:232016
warrior	protection	41	Undreamt God's Oozing Vestige	249805	298:231801
warrior	protection	42	Latch's Crooked Hook	250226	298:231479
warrior	protection	43	Dragon Games Equipment	193719	298:231047
warrior	protection	44	Venomous Gladiator's Emblem	270606	315:230687
warrior	protection	45	Mark of Light	250241	298:230581
warrior	protection	46	Venomous Gladiator's Medallion	270605	315:230419
warrior	protection	47	Kroluk's Warbanner	250227	298:230397
warrior	protection	48	Gloom-Spattered Dreadscale	249339	298:230334
warrior	protection	49	Venomous Gladiator's Sigil of Adaptation	270604	315:230289
warrior	protection	50	Ampoule of Pure Void	151312	298:229280
warrior	protection	51	Vessel of Tortured Souls	250258	298:229149
warrior	protection	52	Rotting Globule	252421	298:229072
warrior	protection	53	Jelly Replicator	250242	298:229030
warrior	protection	54	The Eternal Egg	249807	298:229023
warrior	protection	55	Mindpiercer's Sigil	250224	292:225513,295:225820,302:226207,308:226504,315:227101,321:227353,328:228296,334:228900
warrior	protection	56	Preternatural Antivenom	270171	292:226130,295:226166,302:226336,308:226527,315:226576,321:226741,328:226764,334:226885
warrior	protection	57	Hex Lord's Dooming Idol	270169	292:225731,295:225892,305:226008,315:226183,321:226519,331:226679,344:226730
warrior	protection	58	Permafrost Essence	250244	292:225892,295:226048,302:226252,308:226372,315:226356,321:226463,328:226491,334:226673
warrior	protection	59	Wavecaller's Seastone	270167	292:225837,295:225711,302:225665,308:226105,315:226251,321:226431,328:226346,334:226502
warrior	protection	60	Idol of the Howling Nexus	270174	292:225429,295:225655,302:225533,308:225848,315:226171,321:225981,328:226348,334:226434
warrior	protection	61	Locus-Walker's Ribbon	249809	298:225873
